0;36.25;21.29;22.13;135;5;96010.83;0.000000;0.000000;0.00;0.00;0.00;0.00
1;36.66;21.13;22.15;169;5;96012.44;0.000000;0.000000;0.00;0.00;11.80;13.20
2;37.18;20.92;22.05;172;5;96014.86;0.000000;0.000000;0.00;0.00;13.50;16.60
3;37.60;20.70;21.90;158;5;96018.22;0.000000;0.000000;0.00;0.00;13.70;15.60
4;37.70;20.52;21.76;127;5;96020.39;0.000000;0.000000;0.00;0.00;13.70;15.30
5;37.42;20.38;21.67;133;5;96017.93;0.000000;0.000000;0.00;0.00;13.90;16.10
6;37.22;20.31;21.58;118;5;96019.61;0.000000;0.000000;0.00;0.00;13.90;15.70
7;36.63;20.20;21.49;130;5;96017.00;0.000000;0.000000;0.00;0.00;13.90;15.60
8;36.63;20.14;21.41;118;5;96018.16;0.000000;0.000000;0.00;0.00;14.30;16.00
9;36.83;20.03;21.29;113;5;96014.91;0.000000;0.000000;0.00;0.00;14.50;16.30
10;37.05;19.92;21.11;82;0;96020.38;0.000000;0.000000;0.00;0.00;14.50;16.20
11;37.27;19.78;20.91;89;5;96020.16;0.000000;0.000000;0.00;0.00;14.60;16.30
12;37.47;19.65;20.75;78;5;96018.06;0.000000;0.000000;0.00;0.00;14.80;16.50
13;37.79;19.51;20.55;124;5;96015.81;0.000000;0.000000;0.00;0.00;15.00;16.70
14;38.21;19.32;20.37;147;5;96016.59;0.000000;0.000000;0.00;0.00;15.30;17.00
15;38.42;19.13;20.16;149;5;96017.64;0.000000;0.000000;0.00;0.00;15.60;17.30
16;38.93;18.94;19.97;122;5;96013.27;0.000000;0.000000;0.00;0.00;16.00;17.70
17;39.36;18.78;19.84;123;5;96013.81;0.000000;0.000000;0.00;0.00;15.90;17.60
18;39.88;18.65;19.67;144;5;96018.80;0.000000;0.000000;0.00;0.00;15.90;17.60
19;40.08;18.48;19.51;138;5;96013.31;0.000000;0.000000;0.00;0.00;16.00;17.80
20;40.30;18.32;19.32;138;5;96017.35;0.000000;0.000000;0.00;0.00;16.30;18.10
21;40.62;18.15;19.16;144;5;96016.61;47.408.283;8.506.312;515.40;1.24;16.50;18.40
22;41.13;18.00;19.02;153;5;96019.25;47.408.283;8.506.312;515.40;1.24;16.80;18.70
23;41.45;17.86;18.88;138;5;96016.92;47.408.283;8.506.312;515.40;1.24;16.90;18.80
24;41.85;17.72;18.73;125;5;96018.98;47.408.283;8.506.312;515.40;1.24;17.20;19.20
25;42.07;17.58;18.59;125;5;96018.42;47.408.283;8.506.312;515.40;1.24;17.10;19.00
26;42.19;17.43;18.44;130;5;96022.89;47.408.283;8.506.312;515.40;1.24;17.30;19.20
27;42.29;17.25;18.24;154;5;96016.00;47.408.283;8.506.312;515.40;1.24;17.40;19.20
28;42.61;17.08;18.06;146;5;96017.88;47.408.283;8.506.312;515.40;1.24;17.40;19.20
29;42.74;16.93;17.91;150;5;96015.44;47.408.283;8.506.312;515.40;1.24;17.60;19.40
30;43.06;16.79;17.73;128;5;96020.22;47.408.283;8.506.312;515.40;1.24;18.10;19.90
31;43.37;16.60;17.54;140;5;96018.62;47.408.283;8.506.312;515.40;1.24;18.30;20.20
32;43.89;16.45;17.41;127;5;96019.73;47.408.283;8.506.312;515.40;1.24;18.30;20.20
33;44.72;16.30;17.30;129;5;96019.13;47.408.283;8.506.312;515.40;1.24;17.60;19.40
34;45.23;16.17;17.20;105;5;96017.33;47.408.283;8.506.312;515.40;1.24;17.40;19.30
35;45.75;16.05;17.13;102;5;96020.76;47.408.283;8.506.312;515.40;1.24;17.20;19.10
36;46.06;15.93;17.06;114;5;96021.25;47.408.283;8.506.312;515.40;1.24;16.90;18.80
37;46.28;15.83;16.99;136;5;96022.44;47.408.283;8.506.312;515.40;1.24;16.80;18.70
38;46.69;15.71;16.87;142;5;96019.80;47.408.283;8.506.312;515.40;1.24;16.70;18.60
39;47.11;15.57;16.72;139;5;96019.67;47.408.283;8.506.312;515.40;1.24;16.50;18.30
40;47.64;15.35;16.51;114;5;96025.91;47.408.283;8.506.312;515.40;1.24;16.20;18.00
41;48.27;15.09;16.28;117;5;96028.33;47.408.283;8.506.312;515.40;1.24;15.80;17.70
42;49.01;14.81;16.02;68;0;96025.69;47.408.283;8.506.312;515.40;1.24;16.00;17.90
43;49.64;14.57;15.78;57;0;96024.75;47.408.283;8.506.312;515.40;1.24;16.40;18.20
44;50.37;14.35;15.54;72;0;96027.72;47.408.283;8.506.312;515.40;1.24;16.50;18.30
45;51.11;14.09;15.32;105;5;96031.46;47.408.283;8.506.312;515.40;1.24;16.50;18.30
46;51.84;13.89;15.09;119;5;96032.00;47.408.283;8.506.312;515.40;1.24;17.20;19.10
47;52.48;13.66;14.90;105;5;96027.62;47.408.283;8.506.312;515.40;1.24;17.80;19.80
48;53.11;13.51;14.73;93;5;96032.15;47.408.283;8.506.312;515.40;1.24;18.00;20.00
49;53.55;13.33;14.60;81;0;96035.23;47.408.283;8.506.312;515.40;1.24;18.20;20.20
50;54.16;13.19;14.47;46;0;96031.28;47.408.283;8.506.312;515.40;1.24;19.00;21.10
51;54.90;13.07;14.36;75;5;96036.04;47.408.283;8.506.312;515.40;1.24;19.40;21.50
52;55.41;12.92;14.22;89;0;96038.28;47.408.283;8.506.312;515.40;1.24;19.40;21.50
53;55.94;12.78;14.09;84;0;96035.05;47.408.283;8.506.312;515.40;1.24;20.10;22.40
54;56.48;12.65;13.96;85;0;96036.36;47.408.283;8.506.312;515.40;1.24;20.50;22.80
55;56.99;12.52;13.84;63;0;96033.84;47.408.283;8.506.312;515.40;1.24;20.50;22.90
56;57.52;12.39;13.74;18;0;96039.02;47.408.283;8.506.312;515.40;1.24;20.30;22.70
57;58.03;12.28;13.62;15;0;96033.35;47.408.283;8.506.312;515.40;1.24;20.20;24.00
58;58.67;12.13;13.51;22;0;96033.28;47.408.283;8.506.312;515.40;1.24;20.30;24.30
59;59.08;12.02;13.42;66;0;96040.92;47.408.283;8.506.312;515.40;1.24;20.30;25.20
60;59.62;11.91;13.32;89;5;96041.32;47.408.283;8.506.312;515.40;1.24;20.40;25.70
61;60.03;11.79;13.22;97;5;96038.05;47.408.283;8.506.312;515.40;1.24;20.60;25.70
62;60.57;11.73;13.13;93;5;96036.12;47.408.283;8.506.312;515.40;1.24;20.50;25.40
63;61.08;11.61;13.04;97;5;96047.72;47.408.283;8.506.312;515.40;1.24;20.60;24.80
64;61.51;11.52;12.94;87;5;96043.44;47.408.283;8.506.312;515.40;1.24;20.60;24.40
65;61.92;11.43;12.85;90;5;96044.92;47.408.283;8.506.312;515.40;1.24;20.90;24.00
66;62.43;11.37;12.79;85;5;96043.23;47.408.283;8.506.312;515.40;1.24;21.00;23.50
67;62.87;11.32;12.72;107;5;96046.99;47.408.283;8.506.312;515.40;1.24;21.10;23.60
68;63.18;11.24;12.66;116;5;96047.37;47.408.283;8.506.312;515.40;1.24;21.10;23.70
69;63.48;11.19;12.59;93;5;96047.91;47.408.283;8.506.312;515.40;1.24;21.00;23.40
70;63.89;11.11;12.53;94;5;96045.56;47.408.283;8.506.312;515.40;1.24;21.10;23.50
71;64.23;11.04;12.44;100;5;96045.62;47.408.283;8.506.312;515.40;1.24;21.20;23.60
72;64.64;10.96;12.36;92;5;96045.53;47.408.283;8.506.312;515.40;1.24;21.20;23.60
73;64.95;10.89;12.29;80;5;96047.22;47.408.283;8.506.312;515.40;1.24;21.30;23.80
74;65.28;10.84;12.23;95;5;96046.09;47.408.283;8.506.312;515.40;1.24;21.60;24.20
75;65.49;10.78;12.17;99;5;96047.34;47.408.283;8.506.312;515.40;1.24;21.70;24.30
76;65.80;10.71;12.13;91;5;96048.55;47.408.283;8.506.312;515.40;1.24;22.10;24.80
77;66.00;10.66;12.09;95;5;96050.86;47.408.283;8.506.312;515.40;1.24;22.10;24.70
78;66.34;10.60;12.02;98;5;96057.16;47.408.283;8.506.312;515.40;1.24;22.00;24.60
79;66.54;10.52;11.95;100;5;96055.63;47.408.283;8.506.312;515.40;1.24;21.80;24.40
80;66.85;10.44;11.90;108;5;96058.67;47.408.283;8.506.312;515.40;1.24;21.90;24.60
81;67.19;10.36;11.83;96;5;96056.16;47.408.283;8.506.312;515.40;1.24;22.00;24.70
82;67.49;10.29;11.77;97;5;96056.41;47.408.283;8.506.312;515.40;1.24;22.10;24.80
83;67.80;10.25;11.69;87;5;96051.02;47.408.283;8.506.312;515.40;1.24;22.10;24.80
84;68.04;10.20;11.64;104;5;96053.64;47.408.283;8.506.312;515.40;1.24;21.40;24.00
85;68.35;10.15;11.60;79;0;96054.45;47.408.283;8.506.312;515.40;1.24;20.90;23.60
86;68.55;10.11;11.54;82;5;96058.74;47.408.283;8.506.312;515.40;1.24;20.60;23.20
87;68.76;10.07;11.51;82;0;96059.18;47.408.283;8.506.312;515.40;1.24;21.00;23.60
88;68.96;10.04;11.45;74;0;96056.38;47.408.283;8.506.312;515.40;1.24;21.40;24.50
89;69.17;9.99;11.39;71;0;96053.81;47.408.283;8.506.312;515.40;1.24;21.10;24.70
90;69.40;9.96;11.33;74;0;96058.66;47.408.283;8.506.312;515.40;1.24;21.40;25.30
91;69.61;9.93;11.29;74;0;96057.31;47.408.283;8.506.312;515.40;1.24;21.50;25.50
92;69.81;9.90;11.25;73;0;96060.53;47.408.283;8.506.312;515.40;1.24;21.60;25.60
93;70.02;9.84;11.19;93;5;96064.88;47.408.283;8.506.312;515.40;1.24;21.70;25.30
94;70.22;9.78;11.12;80;5;96063.91;47.408.283;8.506.312;515.40;1.24;21.90;26.10
95;70.56;9.72;11.04;89;5;96064.09;47.408.283;8.506.312;515.40;1.24;22.30;26.50
96;70.77;9.65;10.98;110;5;96066.39;47.408.283;8.506.312;515.40;1.24;22.20;26.60
97;71.08;9.58;10.93;103;5;96061.43;47.408.283;8.506.312;515.40;1.24;21.70;25.70
98;71.42;9.53;10.89;101;5;96058.77;47.408.283;8.506.312;515.40;1.24;21.70;25.10
99;71.72;9.46;10.84;94;5;96061.62;47.408.283;8.506.312;515.40;1.24;21.60;24.90
100;71.93;9.42;10.80;92;5;96061.26;47.408.283;8.506.312;515.40;1.24;21.70;25.80
101;72.24;9.39;10.76;87;5;96067.05;47.408.283;8.506.312;515.40;1.24;21.90;26.30
102;72.44;9.35;10.71;81;5;96069.84;47.408.283;8.506.312;515.40;1.24;21.70;26.20
103;72.68;9.33;10.68;87;5;96072.66;47.408.283;8.506.312;515.40;1.24;21.70;27.00
104;72.89;9.31;10.66;88;5;96077.45;47.408.283;8.506.312;515.40;1.24;21.70;25.90
105;72.99;9.28;10.62;83;5;96083.59;47.408.283;8.506.312;515.40;1.24;22.00;26.40
106;73.10;9.26;10.60;81;5;96091.19;47.408.283;8.506.312;515.40;1.24;22.30;26.60
107;73.19;9.24;10.58;91;5;96098.37;47.408.283;8.506.312;515.40;1.24;22.60;26.80
108;73.30;9.26;10.56;83;5;96101.25;47.408.283;8.506.312;515.40;1.24;22.70;28.10
109;73.40;9.24;10.53;75;5;96105.88;47.408.283;8.506.312;515.40;1.24;22.60;28.50
110;73.40;9.24;10.51;85;5;96109.88;47.408.283;8.506.312;515.40;1.24;22.60;28.40
111;73.61;9.21;10.47;92;5;96116.38;47.408.283;8.506.312;515.40;1.24;22.80;28.90
112;73.71;9.20;10.43;93;5;96117.00;47.408.283;8.506.312;515.40;1.24;22.60;28.40
113;73.81;9.14;10.37;92;5;96122.50;47.408.283;8.506.312;515.40;1.24;22.20;28.00
114;74.02;9.10;10.31;74;0;96133.06;47.408.283;8.506.312;515.40;1.24;21.80;27.30
115;74.26;9.08;10.26;79;5;96138.36;47.408.283;8.506.312;515.40;1.24;21.50;26.90
116;74.46;9.04;10.25;85;5;96151.22;47.408.283;8.506.312;515.40;1.24;21.90;28.90
117;74.57;9.02;10.23;79;5;96155.58;47.408.283;8.506.312;515.40;1.24;21.50;27.80
118;74.77;9.01;10.20;81;5;96159.14;47.408.283;8.506.312;515.40;1.24;21.50;27.80
119;74.87;8.99;10.18;85;5;96168.85;47.408.283;8.506.312;515.40;1.24;21.40;26.50
120;74.98;8.98;10.16;73;5;96174.06;47.408.283;8.506.312;515.40;1.24;21.20;25.60
121;74.98;8.95;10.14;83;5;96179.07;47.408.283;8.506.312;515.40;1.24;21.10;25.00
122;74.98;8.92;10.11;78;0;96180.17;47.408.283;8.506.312;515.40;1.24;21.30;25.80
123;74.98;8.87;10.06;80;5;96185.29;47.408.283;8.506.312;515.40;1.24;21.40;25.50
124;75.12;8.86;10.00;77;5;96185.25;47.408.283;8.506.312;515.40;1.24;21.00;25.20
125;75.32;8.83;9.98;80;5;96193.22;47.408.283;8.506.312;515.40;1.24;20.90;23.80
126;75.42;8.81;9.96;80;5;96197.33;47.408.283;8.506.312;515.40;1.24;20.70;23.30
127;75.42;8.81;9.93;75;5;96212.23;47.408.283;8.506.312;515.40;1.24;20.70;23.20
128;75.63;8.79;9.92;82;5;96218.91;47.408.283;8.506.312;515.40;1.24;20.70;23.60
129;75.73;8.74;9.89;79;5;96222.11;47.408.283;8.506.312;515.40;1.24;20.80;23.30
130;75.93;8.74;9.86;75;0;96225.23;47.408.283;8.506.312;515.40;1.24;20.60;23.40
131;76.04;8.74;9.85;81;0;96237.01;47.408.283;8.506.312;515.40;1.24;20.80;23.30
132;76.25;8.73;9.82;75;5;96243.69;47.408.283;8.506.312;515.40;1.24;21.00;23.60
133;76.35;8.70;9.80;81;5;96244.19;47.408.283;8.506.312;515.40;1.24;21.30;24.30
134;76.55;8.71;9.77;80;0;96250.20;47.408.283;8.506.312;515.40;1.24;21.30;24.80
135;76.65;8.68;9.75;73;5;96256.35;47.408.283;8.506.312;515.40;1.24;21.70;25.30
136;76.65;8.66;9.72;74;0;96259.81;47.408.283;8.506.312;515.40;1.24;21.90;25.90
137;76.76;8.65;9.71;76;0;96266.58;47.408.283;8.506.312;515.40;1.24;22.00;25.30
138;76.86;8.65;9.71;69;0;96274.95;47.408.283;8.506.312;515.40;1.24;22.10;25.70
139;76.86;8.65;9.69;61;0;96282.35;47.408.283;8.506.312;515.40;1.24;22.10;25.70
140;77.10;8.63;9.68;53;0;96287.19;47.408.283;8.506.312;515.40;1.24;22.10;26.00
141;77.20;8.62;9.67;61;0;96290.64;47.408.283;8.506.312;515.40;1.24;22.10;26.30
142;77.41;8.62;9.66;61;0;96297.30;47.408.283;8.506.312;515.40;1.24;22.20;25.60
143;77.51;8.62;9.65;63;0;96298.78;47.408.283;8.506.312;515.40;1.24;22.20;24.90
144;77.51;8.61;9.64;125;5;96297.14;47.408.283;8.506.312;515.40;1.24;21.90;24.60
145;77.62;8.59;9.62;143;5;96294.52;47.408.283;8.506.312;515.40;1.24;21.50;24.70
146;77.72;8.58;9.60;96;0;96295.17;47.408.283;8.506.312;515.40;1.24;21.30;24.50
147;77.82;8.56;9.57;53;0;96298.00;47.408.283;8.506.312;515.40;1.24;20.90;24.70
148;77.82;8.53;9.56;55;0;96299.55;47.408.283;8.506.312;515.40;1.24;20.50;24.30
149;77.92;8.52;9.54;51;0;96301.78;47.408.283;8.506.312;515.40;1.24;20.60;24.90
150;78.03;8.48;9.52;53;0;96303.66;47.408.283;8.506.312;515.40;1.24;20.70;24.90
151;78.13;8.48;9.51;57;0;96307.70;47.408.283;8.506.312;515.40;1.24;20.90;26.00
152;78.33;8.47;9.51;63;0;96311.73;47.408.283;8.506.312;515.40;1.24;21.30;27.30
153;78.44;8.47;9.50;78;0;96317.39;47.408.283;8.506.312;515.40;1.24;21.80;28.10
154;78.54;8.43;9.49;50;0;96315.84;47.408.283;8.506.312;515.40;1.24;22.10;27.90
155;78.64;8.43;9.49;51;0;96317.00;47.408.283;8.506.312;515.40;1.24;22.30;28.10
156;78.64;8.43;9.47;51;0;96325.11;47.408.283;8.506.312;515.40;1.24;22.60;28.00
157;78.78;8.40;9.46;74;0;96324.78;47.408.283;8.506.312;515.40;1.24;23.10;28.80
158;78.89;8.38;9.45;88;0;96327.73;47.408.283;8.506.312;515.40;1.24;23.30;29.10
159;78.99;8.38;9.42;50;0;96333.19;47.408.283;8.506.312;515.40;1.24;23.40;28.90
160;79.09;8.38;9.42;57;0;96338.18;47.408.283;8.506.312;515.40;1.24;23.30;28.30
161;79.09;8.37;9.41;70;0;96336.30;47.408.283;8.506.312;515.40;1.24;23.20;27.60
162;79.19;8.36;9.40;91;0;96339.16;47.408.283;8.506.312;515.40;1.24;23.50;29.00
163;79.40;8.36;9.40;26;0;96344.52;47.408.283;8.506.312;515.40;1.24;23.40;29.10
164;79.50;8.34;9.39;38;0;96344.58;47.408.283;8.506.312;515.40;1.24;23.70;29.70
165;79.61;8.33;9.37;39;0;96344.68;47.408.283;8.506.312;515.40;1.24;24.00;30.70
166;79.71;8.30;9.35;48;0;96341.56;47.408.283;8.506.312;515.40;1.24;24.30;31.50
167;79.81;8.29;9.35;66;0;96345.98;47.408.283;8.506.312;515.40;1.24;24.40;31.50
168;80.02;8.26;9.33;29;0;96346.91;47.408.283;8.506.312;515.40;1.24;24.30;31.50
169;80.12;8.23;9.32;29;0;96350.02;47.408.283;8.506.312;515.40;1.24;24.30;31.30
170;80.12;8.25;9.30;55;0;96349.86;47.408.283;8.506.312;515.40;1.24;24.40;31.60
171;80.22;8.22;9.30;89;0;96350.94;47.408.283;8.506.312;515.40;1.24;24.30;31.50
172;80.33;8.22;9.28;38;0;96349.13;47.408.283;8.506.312;515.40;1.24;24.10;31.90
173;80.47;8.22;9.28;33;0;96347.00;47.408.283;8.506.312;515.40;1.24;23.80;31.80
174;80.47;8.20;9.27;43;0;96356.59;47.408.283;8.506.312;515.40;1.24;23.40;30.50
175;80.57;8.20;9.25;72;0;96350.45;47.408.283;8.506.312;515.40;1.24;22.80;29.50
176;80.57;8.19;9.25;43;0;96355.37;47.408.283;8.506.312;515.40;1.24;22.40;29.20
177;80.57;8.19;9.24;40;0;96355.70;47.408.283;8.506.312;515.40;1.24;22.20;29.10
178;80.57;8.18;9.24;33;0;96359.97;47.408.283;8.506.312;515.40;1.24;22.20;28.60
179;80.47;8.16;9.22;57;0;96356.52;47.408.283;8.506.312;515.40;1.24;22.00;28.50
180;80.47;8.16;9.21;78;0;96356.28;47.408.283;8.506.312;515.40;1.24;21.50;28.30
181;80.47;8.16;9.20;41;0;96358.09;47.408.283;8.506.312;515.40;1.24;21.40;27.90
182;80.47;8.16;9.20;33;0;96361.60;47.408.283;8.506.312;515.40;1.24;21.20;27.10
183;80.47;8.15;9.19;74;0;96359.89;47.408.283;8.506.312;515.40;1.24;20.90;27.50
184;80.47;8.15;9.18;52;0;96361.04;47.408.283;8.506.312;515.40;1.24;20.80;27.10
185;80.47;8.15;9.17;49;0;96360.80;47.408.283;8.506.312;515.40;1.24;20.70;26.80
186;80.47;8.12;9.15;45;0;96362.44;47.408.283;8.506.312;515.40;1.24;20.80;26.00
187;80.47;8.11;9.13;53;0;96362.51;47.408.283;8.506.312;515.40;1.24;20.90;26.10
188;80.47;8.11;9.12;52;0;96361.45;47.408.283;8.506.312;515.40;1.24;21.10;26.10
189;80.47;8.10;9.11;44;0;96365.55;47.408.283;8.506.312;515.40;1.24;20.90;25.70
190;80.47;8.08;9.10;48;0;96368.02;47.408.283;8.506.312;515.40;1.24;21.20;26.30
191;80.47;8.07;9.08;48;0;96368.34;47.408.283;8.506.312;515.40;1.24;21.00;24.90
192;80.47;8.05;9.07;49;0;96372.11;47.408.283;8.506.312;515.40;1.24;21.10;25.60
193;80.57;8.04;9.06;43;0;96373.91;47.408.283;8.506.312;515.40;1.24;21.20;25.70
194;80.67;8.02;9.05;45;0;96381.13;47.408.283;8.506.312;515.40;1.24;21.40;26.90
195;80.77;8.02;9.05;54;0;96390.81;47.408.283;8.506.312;515.40;1.24;21.20;27.30
196;80.88;8.04;9.03;81;0;96393.30;47.408.283;8.506.312;515.40;1.24;21.10;27.90
197;80.98;8.02;9.03;45;0;96397.08;47.408.283;8.506.312;515.40;1.24;21.00;27.70
198;81.09;8.01;9.01;44;0;96404.30;47.408.283;8.506.312;515.40;1.24;21.10;27.90
199;81.19;8.01;9.01;49;0;96410.20;47.408.283;8.506.312;515.40;1.24;20.80;27.30
200;81.19;8.00;9.01;65;0;96419.95;47.408.283;8.506.312;515.40;1.24;20.80;27.80
201;81.29;8.00;9.00;44;0;96421.92;47.408.283;8.506.312;515.40;1.24;20.60;27.80
202;81.39;7.98;8.99;38;0;96423.23;47.408.283;8.506.312;515.40;1.24;20.60;28.20
203;81.39;8.00;8.99;49;0;96426.02;47.408.283;8.506.312;515.40;1.24;20.50;27.30
204;81.43;8.00;9.00;66;0;96434.16;47.408.283;8.506.312;515.40;1.24;20.30;26.70
205;81.53;7.98;8.98;38;0;96436.45;47.408.283;8.506.312;515.40;1.24;20.00;25.40
206;81.74;7.98;8.98;37;0;96439.14;47.408.283;8.506.312;515.40;1.24;19.90;28.40
207;81.95;7.97;8.99;37;0;96444.00;47.408.283;8.506.312;515.40;1.24;19.80;29.50
208;82.15;7.98;8.99;42;0;96446.95;47.408.283;8.506.312;515.40;1.24;19.80;31.90
209;82.25;7.97;8.98;58;0;96449.74;47.408.283;8.506.312;515.40;1.24;20.00;33.10
210;82.25;7.95;8.97;36;0;96454.98;47.408.283;8.506.312;515.40;1.24;20.00;31.60
211;82.15;7.93;8.94;35;0;96454.32;47.408.283;8.506.312;515.40;1.24;19.80;30.60
212;82.15;7.92;8.92;27;0;96456.61;47.408.283;8.506.312;515.40;1.24;19.80;30.60
213;82.15;7.90;8.91;46;0;96459.00;47.408.283;8.506.312;515.40;1.24;19.40;30.00
214;82.25;7.89;8.90;83;0;96461.88;47.408.283;8.506.312;515.40;1.24;19.80;31.30
215;82.25;7.87;8.89;24;0;96467.20;47.408.283;8.506.312;515.40;1.24;19.90;30.60
216;82.35;7.86;8.87;28;0;96468.34;47.408.283;8.506.312;515.40;1.24;19.70;29.20
217;82.35;7.86;8.87;38;0;96472.20;47.408.283;8.506.312;515.40;1.24;20.00;27.50
218;82.46;7.85;8.86;69;0;96473.58;47.408.283;8.506.312;515.40;1.24;20.00;27.00
219;82.56;7.86;8.86;20;0;96475.48;47.408.283;8.506.312;515.40;1.24;19.80;26.90
220;82.56;7.83;8.84;24;0;96475.24;47.408.283;8.506.312;515.40;1.24;19.70;27.30
221;82.67;7.83;8.83;46;0;96478.09;47.408.283;8.506.312;515.40;1.24;19.70;27.50
222;82.67;7.83;8.83;58;0;96480.88;47.408.283;8.506.312;515.40;1.24;20.10;28.30
223;82.77;7.80;8.81;25;0;96481.03;47.408.283;8.506.312;515.40;1.24;20.00;27.60
224;82.87;7.82;8.81;41;0;96485.47;47.408.283;8.506.312;515.40;1.24;19.80;27.20
225;82.87;7.79;8.79;45;0;96484.14;47.408.283;8.506.312;515.40;1.24;20.10;26.90
226;82.97;7.77;8.77;70;0;96487.19;47.408.283;8.506.312;515.40;1.24;19.90;26.20
227;82.97;7.77;8.77;30;0;96486.03;47.408.283;8.506.312;515.40;1.24;19.80;24.90
228;83.01;7.74;8.76;31;0;96487.84;47.408.283;8.506.312;515.40;1.24;20.00;24.70
229;83.12;7.72;8.76;45;0;96490.06;47.408.283;8.506.312;515.40;1.24;20.20;24.80
230;83.12;7.71;8.74;65;0;96489.23;47.408.283;8.506.312;515.40;1.24;20.40;25.00
231;83.22;7.71;8.74;29;0;96492.19;47.408.283;8.506.312;515.40;1.24;20.30;24.60
232;83.32;7.69;8.72;38;0;96493.98;47.408.283;8.506.312;515.40;1.24;20.40;25.00
233;83.42;7.68;8.71;41;0;96497.98;47.408.283;8.506.312;515.40;1.24;20.40;25.30
234;83.42;7.68;8.71;63;0;96497.00;47.408.283;8.506.312;515.40;1.24;20.70;24.70
235;83.53;7.67;8.70;30;0;96494.89;47.408.283;8.506.312;515.40;1.24;21.10;25.40
236;83.63;7.64;8.70;31;0;96494.13;47.408.283;8.506.312;515.40;1.24;21.10;25.50
237;83.63;7.68;8.70;27;0;96497.91;47.408.283;8.506.312;515.40;1.24;21.20;25.10
238;83.73;7.64;8.69;69;0;96496.84;47.408.283;8.506.312;515.40;1.24;21.10;23.90
239;83.73;7.64;8.69;33;0;96502.33;47.408.283;8.506.312;515.40;1.24;21.40;24.40
240;83.84;7.63;8.68;29;0;96501.11;47.408.283;8.506.312;515.40;1.24;21.40;24.30
241;83.84;7.64;8.67;34;0;96503.62;47.408.283;8.506.312;515.40;1.24;21.40;24.90
242;83.94;7.64;8.68;65;0;96504.12;47.408.283;8.506.312;515.40;1.24;21.60;24.60
243;83.94;7.64;8.67;34;0;96504.45;47.408.283;8.506.312;515.40;1.24;21.70;24.90
244;84.05;7.64;8.68;31;0;96505.77;47.408.283;8.506.312;515.40;1.24;21.60;24.80
245;84.05;7.64;8.67;47;0;96507.73;47.408.283;8.506.312;515.40;1.24;21.40;24.90
246;84.14;7.64;8.67;26;0;96507.23;47.408.283;8.506.312;515.40;1.24;21.40;25.00
247;84.14;7.63;8.67;29;0;96511.83;47.408.283;8.506.312;515.40;1.24;21.60;26.10
248;84.25;7.64;8.66;30;0;96510.02;47.408.283;8.506.312;515.40;1.24;21.60;26.50
249;84.25;7.64;8.67;29;0;96522.98;47.408.283;8.506.312;515.40;1.24;21.50;26.50
250;84.35;7.67;8.67;22;0;96529.22;47.408.283;8.506.312;515.40;1.24;21.90;26.80
251;84.35;7.67;8.67;30;0;96539.88;47.408.283;8.506.312;515.40;1.24;22.20;27.50
252;84.35;7.67;8.67;53;0;96546.27;47.408.283;8.506.312;515.40;1.24;21.90;27.60
253;84.35;7.67;8.67;31;0;96552.67;47.408.283;8.506.312;515.40;1.24;21.90;27.30
254;84.35;7.67;8.68;24;0;96560.55;47.408.283;8.506.312;515.40;1.24;22.00;27.00
255;84.35;7.67;8.67;25;0;96568.84;47.408.283;8.506.312;515.40;1.24;22.10;27.00
256;84.35;7.68;8.67;36;0;96575.57;47.408.283;8.506.312;515.40;1.24;22.40;26.90
257;84.45;7.69;8.68;22;0;96582.20;47.408.283;8.506.312;515.40;1.24;22.20;26.60
258;84.45;7.69;8.68;22;0;96587.72;47.408.283;8.506.312;515.40;1.24;22.30;26.00
259;84.56;7.69;8.68;30;0;96594.83;47.408.283;8.506.312;515.40;1.24;22.20;26.10
260;84.56;7.71;8.69;41;0;96603.05;47.408.283;8.506.312;515.40;1.24;22.30;26.50
261;84.56;7.69;8.69;53;0;96603.38;47.408.283;8.506.312;515.40;1.24;22.10;25.40
262;84.56;7.71;8.69;98;0;96612.56;47.408.283;8.506.312;515.40;1.24;22.30;25.40
263;84.56;7.71;8.69;24;0;96617.42;47.408.283;8.506.312;515.40;1.24;22.20;25.40
264;84.45;7.71;8.69;19;0;96628.31;47.408.283;8.506.312;515.40;1.24;21.90;25.50
265;84.45;7.72;8.70;21;0;96636.19;47.408.283;8.506.312;515.40;1.24;21.50;25.20
266;84.35;7.72;8.69;15;0;96651.05;47.408.283;8.506.312;515.40;1.24;21.10;24.30
267;84.35;7.72;8.70;18;0;96658.33;47.408.283;8.506.312;515.40;1.24;20.70;23.80
268;84.25;7.72;8.69;27;0;96669.75;47.408.283;8.506.312;515.40;1.24;20.50;23.40
269;84.25;7.71;8.69;25;0;96676.20;47.408.283;8.506.312;515.40;1.24;20.10;22.50
270;84.14;7.71;8.70;23;0;96685.23;47.408.283;8.506.312;515.40;1.24;20.00;22.40
271;84.14;7.71;8.69;22;0;96691.56;47.408.283;8.506.312;515.40;1.24;19.50;21.90
272;84.14;7.71;8.68;17;0;96698.44;47.408.283;8.506.312;515.40;1.24;19.30;22.00
273;84.14;7.69;8.68;20;0;96705.98;47.408.283;8.506.312;515.40;1.24;19.40;22.20
274;84.14;7.69;8.67;20;0;96714.67;47.408.283;8.506.312;515.40;1.24;19.60;23.30
275;84.05;7.68;8.68;15;0;96717.53;47.408.283;8.506.312;515.40;1.24;19.60;23.40
276;84.05;7.69;8.68;8;0;96724.42;47.408.283;8.506.312;515.40;1.24;19.90;23.50
277;84.05;7.68;8.67;15;0;96737.80;47.408.283;8.506.312;515.40;1.24;19.90;23.30
278;84.05;7.68;8.67;23;0;96744.10;47.408.283;8.506.312;515.40;1.24;20.00;24.30
279;84.14;7.64;8.66;23;0;96742.62;47.408.283;8.506.312;515.40;1.24;20.30;25.00
280;84.14;7.67;8.67;23;0;96756.08;47.408.283;8.506.312;515.40;1.24;20.80;25.10
281;84.25;7.67;8.69;21;0;96760.69;47.408.283;8.506.312;515.40;1.24;20.70;24.40
282;84.35;7.67;8.67;17;0;96759.12;47.408.283;8.506.312;515.40;1.24;20.80;24.50
283;84.35;7.68;8.69;20;0;96763.97;47.408.283;8.506.312;515.40;1.24;20.30;24.00
284;84.45;7.68;8.69;33;0;96762.27;47.408.283;8.506.312;515.40;1.24;20.30;22.90
285;84.56;7.68;8.70;58;0;96771.95;47.408.283;8.506.312;515.40;1.24;20.20;22.70
286;84.66;7.69;8.71;13;0;96769.41;47.408.283;8.506.312;515.40;1.24;20.00;23.10
287;84.77;7.69;8.72;20;0;96771.88;47.408.283;8.506.312;515.40;1.24;19.70;22.80
288;84.87;7.72;8.72;25;0;96777.12;47.408.283;8.506.312;515.40;1.24;20.00;22.70
289;84.97;7.71;8.72;14;0;96774.90;47.408.283;8.506.312;515.40;1.24;20.00;22.40
290;84.97;7.72;8.74;9;0;96772.38;47.408.283;8.506.312;515.40;1.24;20.00;22.60
291;85.07;7.72;8.74;15;0;96769.92;47.408.283;8.506.312;515.40;1.24;20.60;23.30
292;85.07;7.72;8.75;22;0;96765.83;47.408.283;8.506.312;515.40;1.24;21.00;23.60
293;85.17;7.72;8.75;17;0;96766.49;47.408.283;8.506.312;515.40;1.24;21.00;23.60
294;85.28;7.74;8.76;11;0;96766.17;47.408.283;8.506.312;515.40;1.24;21.20;24.50
295;85.28;7.74;8.76;12;0;96763.45;47.408.283;8.506.312;515.40;1.24;21.50;24.70
296;85.28;7.74;8.77;12;0;96764.05;47.408.283;8.506.312;515.40;1.24;21.70;25.10
297;85.28;7.74;8.77;16;0;96760.93;47.408.283;8.506.312;515.40;1.24;21.70;24.90
298;85.17;7.72;8.76;16;0;96755.84;47.408.283;8.506.312;515.40;1.24;21.60;25.30
299;85.17;7.74;8.77;12;0;96756.34;47.408.283;8.506.312;515.40;1.24;21.40;25.70
300;85.17;7.74;8.77;9;0;96749.84;47.408.283;8.506.312;515.40;1.24;21.40;25.70
301;85.07;7.74;8.78;11;0;96749.12;47.408.283;8.506.312;515.40;1.24;20.90;26.00
302;85.07;7.74;8.79;8;0;96740.84;47.408.283;8.506.312;515.40;1.24;21.30;26.70
303;85.03;7.75;8.80;14;0;96737.80;47.408.283;8.506.312;515.40;1.24;21.50;26.80
304;85.03;7.77;8.81;11;0;96736.49;47.408.283;8.506.312;515.40;1.24;21.40;26.40
305;85.14;7.79;8.82;10;0;96729.36;47.408.283;8.506.312;515.40;1.24;21.60;27.10
306;85.14;7.79;8.82;13;0;96725.44;47.408.283;8.506.312;515.40;1.24;21.60;26.80
307;85.03;7.79;8.83;13;0;96723.05;47.408.283;8.506.312;515.40;1.24;21.90;28.20
308;85.03;7.79;8.83;12;0;96719.61;47.408.283;8.506.312;515.40;1.24;21.90;27.60
309;85.03;7.79;8.83;12;0;96714.85;47.408.283;8.506.312;515.40;1.24;21.90;27.70
310;85.03;7.79;8.82;16;0;96712.22;47.408.283;8.506.312;515.40;1.24;22.20;27.90
311;84.93;7.79;8.82;13;0;96704.51;47.408.283;8.506.312;515.40;1.24;22.00;27.70
312;84.93;7.79;8.80;8;0;96694.31;47.408.283;8.506.312;515.40;1.24;22.00;27.60
313;84.93;7.77;8.80;17;0;96694.31;47.408.283;8.506.312;515.40;1.24;21.80;27.50
314;84.83;7.79;8.80;9;0;96686.94;47.408.283;8.506.312;515.40;1.24;21.80;28.60
315;84.97;7.75;8.79;2;0;96680.69;47.408.283;8.506.312;515.40;1.24;21.80;27.90
316;84.97;7.75;8.78;3;0;96673.33;47.408.283;8.506.312;515.40;1.24;22.10;28.40
317;85.07;7.75;8.78;5;0;96669.06;47.408.283;8.506.312;515.40;1.24;22.30;29.50
318;85.07;7.74;8.78;12;0;96663.48;47.408.283;8.506.312;515.40;1.24;22.50;29.40
319;85.07;7.74;8.77;19;0;96658.06;47.408.283;8.506.312;515.40;1.24;22.50;29.40
320;85.17;7.72;8.76;10;0;96654.45;47.408.283;8.506.312;515.40;1.24;23.00;31.10
321;85.17;7.69;8.75;7;0;96650.50;47.408.283;8.506.312;515.40;1.24;22.70;31.60
322;85.17;7.68;8.74;8;0;96644.66;47.408.283;8.506.312;515.40;1.24;22.40;31.20
323;85.17;7.67;8.73;7;0;96638.25;47.408.283;8.506.312;515.40;1.24;22.40;31.20
324;85.17;7.67;8.72;21;0;96629.15;47.408.283;8.506.312;515.40;1.24;22.00;30.40
325;85.17;7.64;8.71;11;0;96626.03;47.408.283;8.506.312;515.40;1.24;22.20;31.20
326;85.17;7.64;8.71;13;0;96619.95;47.408.283;8.506.312;515.40;1.24;21.80;29.20
327;85.17;7.63;8.71;11;0;96618.06;47.408.283;8.506.312;515.40;1.24;21.80;28.70
328;85.28;7.64;8.70;13;0;96607.48;47.408.283;8.506.312;515.40;1.24;21.90;29.20
329;85.28;7.63;8.69;20;0;96600.52;47.408.283;8.506.312;515.40;1.24;21.70;28.40
330;85.28;7.63;8.69;27;0;96600.03;47.408.283;8.506.312;515.40;1.24;21.70;27.50
331;85.49;7.64;8.69;10;0;96592.31;47.408.283;8.506.312;515.40;1.24;22.90;30.30
332;85.69;7.63;8.67;8;0;96584.83;47.408.283;8.506.312;515.40;1.24;24.50;36.00
