"Series;""Time"";""Value""",
"PM10;""2018-11-29T14:15:00+01:00"";46",708
"PM10;""2018-11-29T14:30:00+01:00"";46",908
"PM10;""2018-11-29T14:45:00+01:00"";47",133
"PM10;""2018-11-29T15:00:00+01:00"";47",347
"PM10;""2018-11-29T15:15:00+01:00"";47",607
"PM10;""2018-11-29T15:30:00+01:00"";47",817
"PM10;""2018-11-29T15:45:00+01:00"";47",997
"PM10;""2018-11-29T16:00:00+01:00"";48",108
"PM10;""2018-11-29T16:15:00+01:00"";48",333
"PM10;""2018-11-29T16:30:00+01:00"";48",703
"PM10;""2018-11-29T16:45:00+01:00"";49",49
"PM10;""2018-11-29T17:00:00+01:00"";49",285
"PM10;""2018-11-29T17:15:00+01:00"";49",457
"PM10;""2018-11-29T17:30:00+01:00"";49",593
"PM10;""2018-11-29T17:45:00+01:00"";49",694
"PM10;""2018-11-29T18:00:00+01:00"";49",781
"PM10;""2018-11-29T18:15:00+01:00"";49",857
"PM10;""2018-11-29T18:30:00+01:00"";49",932
"PM10;""2018-11-29T18:45:00+01:00"";50",
"PM10;""2018-11-29T19:00:00+01:00"";50",9
"PM10;""2018-11-29T19:15:00+01:00"";50",203
"PM10;""2018-11-29T19:30:00+01:00"";50",332
"PM10;""2018-11-29T19:45:00+01:00"";50",414
"PM10;""2018-11-29T20:00:00+01:00"";50",521
"PM10;""2018-11-29T20:15:00+01:00"";50",666
"PM10;""2018-11-29T20:30:00+01:00"";50",754
"PM10;""2018-11-29T20:45:00+01:00"";50",85
"PM10;""2018-11-29T21:00:00+01:00"";51",15
"PM10;""2018-11-29T21:15:00+01:00"";51",128
"PM10;""2018-11-29T21:30:00+01:00"";51",282
"PM10;""2018-11-29T21:45:00+01:00"";51",508
"PM10;""2018-11-29T22:00:00+01:00"";51",66
"PM10;""2018-11-29T22:15:00+01:00"";51",848
"PM10;""2018-11-29T22:30:00+01:00"";52",124
"PM10;""2018-11-29T22:45:00+01:00"";52",383
"PM10;""2018-11-29T23:00:00+01:00"";52",621
"PM10;""2018-11-29T23:15:00+01:00"";52",814
"PM10;""2018-11-29T23:30:00+01:00"";52",925
"PM10;""2018-11-29T23:45:00+01:00"";53",36
"PM10;""2018-11-30T00:00:00+01:00"";53",77
"PM10;""2018-11-30T00:15:00+01:00"";53",147
"PM10;""2018-11-30T00:30:00+01:00"";53",193
"PM10;""2018-11-30T00:45:00+01:00"";53",167
"PM10;""2018-11-30T01:00:00+01:00"";53",183
"PM10;""2018-11-30T01:15:00+01:00"";53",262
"PM10;""2018-11-30T01:30:00+01:00"";53",365
"PM10;""2018-11-30T01:45:00+01:00"";53",483
"PM10;""2018-11-30T02:00:00+01:00"";53",541
"PM10;""2018-11-30T02:15:00+01:00"";53",65
"PM10;""2018-11-30T02:30:00+01:00"";53",722
"PM10;""2018-11-30T02:45:00+01:00"";53",823
"PM10;""2018-11-30T03:00:00+01:00"";54",57
"PM10;""2018-11-30T03:15:00+01:00"";55",505
"PM10;""2018-11-30T03:30:00+01:00"";56",669
"PM10;""2018-11-30T03:45:00+01:00"";56",797
"PM10;""2018-11-30T04:00:00+01:00"";56",861
"PM10;""2018-11-30T04:15:00+01:00"";56",904
"PM10;""2018-11-30T04:30:00+01:00"";56",923
"PM10;""2018-11-30T04:45:00+01:00"";57",46
"PM10;""2018-11-30T05:00:00+01:00"";57",101
"PM10;""2018-11-30T05:15:00+01:00"";57",89
"PM10;""2018-11-30T05:30:00+01:00"";57",6
"PM10;""2018-11-30T05:45:00+01:00"";56",817
"PM10;""2018-11-30T06:00:00+01:00"";56",559
"PM10;""2018-11-30T06:15:00+01:00"";56",188
"PM10;""2018-11-30T06:30:00+01:00"";55",945
"PM10;""2018-11-30T06:45:00+01:00"";55",747
"PM10;""2018-11-30T07:00:00+01:00"";55",37
"PM10;""2018-11-30T07:15:00+01:00"";54",662
"PM10;""2018-11-30T07:30:00+01:00"";54",275
"PM10;""2018-11-30T07:45:00+01:00"";53",54
"PM10;""2018-11-30T08:00:00+01:00"";52",733
"PM10;""2018-11-30T08:15:00+01:00"";52",177
"PM10;""2018-11-30T08:30:00+01:00"";51",602
"PM10;""2018-11-30T08:45:00+01:00"";51",115
"PM10;""2018-11-30T09:00:00+01:00"";50",549
"PM10;""2018-11-30T09:15:00+01:00"";49",777
"PM10;""2018-11-30T09:30:00+01:00"";49",41
"PM10;""2018-11-30T09:45:00+01:00"";48",77
"PM10;""2018-11-30T10:00:00+01:00"";48",538
"PM10;""2018-11-30T10:15:00+01:00"";47",922
"PM10;""2018-11-30T10:30:00+01:00"";47",661
"PM10;""2018-11-30T10:45:00+01:00"";47",383
"PM10;""2018-11-30T11:00:00+01:00"";47",166
"PM10;""2018-11-30T11:15:00+01:00"";46",814
"PM10;""2018-11-30T11:30:00+01:00"";46",678
"PM10;""2018-11-30T11:45:00+01:00"";46",558
"PM10;""2018-11-30T12:00:00+01:00"";46",229
"PM10;""2018-11-30T12:15:00+01:00"";45",832
"PM10;""2018-11-30T12:30:00+01:00"";45",501
"PM10;""2018-11-30T12:45:00+01:00"";45",42
"PM10;""2018-11-30T13:00:00+01:00"";44",629
"PM10;""2018-11-30T13:15:00+01:00"";44",305
"PM10;""2018-11-30T13:30:00+01:00"";43",994
"PM10;""2018-11-30T13:45:00+01:00"";43",644
"PM10;""2018-11-30T14:00:00+01:00"";43",406
"PM10;""2018-11-30T14:15:00+01:00"";43",191
"PM10;""2018-11-30T14:30:00+01:00"";42",964
"PM10;""2018-11-30T14:45:00+01:00"";42",78
"PM10;""2018-11-30T15:00:00+01:00"";42",546
"PM10;""2018-11-30T15:15:00+01:00"";42",295
"PM10;""2018-11-30T15:30:00+01:00"";42",72
"PM10;""2018-11-30T15:45:00+01:00"";41",8
"PM10;""2018-11-30T16:00:00+01:00"";41",559
"PM10;""2018-11-30T16:15:00+01:00"";41",187
"PM10;""2018-11-30T16:30:00+01:00"";40",695
"PM10;""2018-11-30T16:45:00+01:00"";40",23
"PM10;""2018-11-30T17:00:00+01:00"";39",807
"PM10;""2018-11-30T17:15:00+01:00"";39",432
"PM10;""2018-11-30T17:30:00+01:00"";39",48
"PM10;""2018-11-30T17:45:00+01:00"";38",681
"PM10;""2018-11-30T18:00:00+01:00"";38",346
"PM10;""2018-11-30T18:15:00+01:00"";38",37
"PM10;""2018-11-30T18:30:00+01:00"";37",75
"PM10;""2018-11-30T18:45:00+01:00"";37",432
"PM10;""2018-11-30T19:00:00+01:00"";37",143
"PM10;""2018-11-30T19:15:00+01:00"";36",813
"PM10;""2018-11-30T19:30:00+01:00"";36",454
"PM10;""2018-11-30T19:45:00+01:00"";36",76
"PM10;""2018-11-30T20:00:00+01:00"";35",743
"PM10;""2018-11-30T20:15:00+01:00"";35",369
"PM10;""2018-11-30T20:30:00+01:00"";35",13
"PM10;""2018-11-30T20:45:00+01:00"";34",649
"PM10;""2018-11-30T21:00:00+01:00"";34",25
"PM10;""2018-11-30T21:15:00+01:00"";33",833
"PM10;""2018-11-30T21:30:00+01:00"";33",351
"PM10;""2018-11-30T21:45:00+01:00"";32",862
"PM10;""2018-11-30T22:00:00+01:00"";32",439
"PM10;""2018-11-30T22:15:00+01:00"";32",3
"PM10;""2018-11-30T22:30:00+01:00"";31",536
"PM10;""2018-11-30T22:45:00+01:00"";31",143
"PM10;""2018-11-30T23:00:00+01:00"";30",713
"PM10;""2018-11-30T23:15:00+01:00"";30",334
"PM10;""2018-11-30T23:30:00+01:00"";30",43
"PM10;""2018-11-30T23:45:00+01:00"";29",798
"PM10;""2018-12-01T00:00:00+01:00"";29",581
"PM10;""2018-12-01T00:15:00+01:00"";29",353
"PM10;""2018-12-01T00:30:00+01:00"";29",105
"PM10;""2018-12-01T00:45:00+01:00"";28",89
"PM10;""2018-12-01T01:00:00+01:00"";28",71
"PM10;""2018-12-01T01:15:00+01:00"";28",481
"PM10;""2018-12-01T01:30:00+01:00"";28",298
"PM10;""2018-12-01T01:45:00+01:00"";28",113
"PM10;""2018-12-01T02:00:00+01:00"";27",985
"PM10;""2018-12-01T02:15:00+01:00"";27",878
"PM10;""2018-12-01T02:30:00+01:00"";27",78
"PM10;""2018-12-01T02:45:00+01:00"";27",669
"PM10;""2018-12-01T03:00:00+01:00"";27",383
"PM10;""2018-12-01T03:15:00+01:00"";25",881
"PM10;""2018-12-01T03:30:00+01:00"";24",746
"PM10;""2018-12-01T03:45:00+01:00"";24",672
"PM10;""2018-12-01T04:00:00+01:00"";24",655
"PM10;""2018-12-01T04:15:00+01:00"";24",619
"PM10;""2018-12-01T04:30:00+01:00"";24",572
"PM10;""2018-12-01T04:45:00+01:00"";24",512
"PM10;""2018-12-01T05:00:00+01:00"";24",476
"PM10;""2018-12-01T05:15:00+01:00"";24",458
"PM10;""2018-12-01T05:30:00+01:00"";24",458
"PM10;""2018-12-01T05:45:00+01:00"";24",515
"PM10;""2018-12-01T06:00:00+01:00"";24",649
"PM10;""2018-12-01T06:15:00+01:00"";24",734
"PM10;""2018-12-01T06:30:00+01:00"";24",583
"PM10;""2018-12-01T06:45:00+01:00"";24",441
"PM10;""2018-12-01T07:00:00+01:00"";24",385
"PM10;""2018-12-01T07:15:00+01:00"";24",393
"PM10;""2018-12-01T07:30:00+01:00"";24",365
"PM10;""2018-12-01T07:45:00+01:00"";24",303
"PM10;""2018-12-01T08:00:00+01:00"";24",232
"PM10;""2018-12-01T08:15:00+01:00"";24",149
"PM10;""2018-12-01T08:30:00+01:00"";24",31
"PM10;""2018-12-01T08:45:00+01:00"";23",883
"PM10;""2018-12-01T09:00:00+01:00"";23",765
"PM10;""2018-12-01T09:15:00+01:00"";23",712
"PM10;""2018-12-01T09:30:00+01:00"";23",613
"PM10;""2018-12-01T09:45:00+01:00"";23",491
"PM10;""2018-12-01T10:00:00+01:00"";23",306
"PM10;""2018-12-01T10:15:00+01:00"";23",201
"PM10;""2018-12-01T10:30:00+01:00"";23",149
"PM10;""2018-12-01T10:45:00+01:00"";23",124
"PM10;""2018-12-01T11:00:00+01:00"";22",957
"PM10;""2018-12-01T11:15:00+01:00"";22",819
"PM10;""2018-12-01T11:30:00+01:00"";22",649
"PM10;""2018-12-01T11:45:00+01:00"";22",531
"PM10;""2018-12-01T12:00:00+01:00"";22",485
"PM10;""2018-12-01T12:15:00+01:00"";22",433
"PM10;""2018-12-01T12:30:00+01:00"";22",258
"PM10;""2018-12-01T12:45:00+01:00"";22",3
"PM10;""2018-12-01T13:00:00+01:00"";21",833
"PM10;""2018-12-01T13:15:00+01:00"";21",609
"PM10;""2018-12-01T13:30:00+01:00"";21",443
"PM10;""2018-12-01T13:45:00+01:00"";21",34
"PM10;""2018-12-01T14:00:00+01:00"";21",213
"PM10;""2018-12-01T14:15:00+01:00"";21",17
"PM10;""2018-12-01T14:30:00+01:00"";21",11
"PM10;""2018-12-01T14:45:00+01:00"";21",
"PM10;""2018-12-01T15:00:00+01:00"";20",894
"PM10;""2018-12-01T15:15:00+01:00"";20",792
"PM10;""2018-12-01T15:30:00+01:00"";20",694
"PM10;""2018-12-01T15:45:00+01:00"";20",657
"PM10;""2018-12-01T16:00:00+01:00"";20",633
"PM10;""2018-12-01T16:15:00+01:00"";20",586
"PM10;""2018-12-01T16:30:00+01:00"";20",628
"PM10;""2018-12-01T16:45:00+01:00"";20",63
"PM10;""2018-12-01T17:00:00+01:00"";20",689
"PM10;""2018-12-01T17:15:00+01:00"";20",744
"PM10;""2018-12-01T17:30:00+01:00"";20",842
"PM10;""2018-12-01T17:45:00+01:00"";20",914
"PM10;""2018-12-01T18:00:00+01:00"";20",951
"PM10;""2018-12-01T18:15:00+01:00"";20",965
"PM10;""2018-12-01T18:30:00+01:00"";20",983
"PM10;""2018-12-01T18:45:00+01:00"";20",988
"PM10;""2018-12-01T19:00:00+01:00"";20",96
"PM10;""2018-12-01T19:15:00+01:00"";20",953
"PM10;""2018-12-01T19:30:00+01:00"";20",96
"PM10;""2018-12-01T19:45:00+01:00"";20",988
"PM10;""2018-12-01T20:00:00+01:00"";20",977
"PM10;""2018-12-01T20:15:00+01:00"";20",967
"PM10;""2018-12-01T20:30:00+01:00"";20",963
"PM10;""2018-12-01T20:45:00+01:00"";20",953
"PM10;""2018-12-01T21:00:00+01:00"";20",943
"PM10;""2018-12-01T21:15:00+01:00"";20",935
"PM10;""2018-12-01T21:30:00+01:00"";20",961
"PM10;""2018-12-01T21:45:00+01:00"";20",95
"PM10;""2018-12-01T22:00:00+01:00"";20",92
"PM10;""2018-12-01T22:15:00+01:00"";20",862
"PM10;""2018-12-01T22:30:00+01:00"";20",769
"PM10;""2018-12-01T22:45:00+01:00"";20",602
"PM10;""2018-12-01T23:00:00+01:00"";20",493
"PM10;""2018-12-01T23:15:00+01:00"";20",377
"PM10;""2018-12-01T23:30:00+01:00"";20",211
"PM10;""2018-12-01T23:45:00+01:00"";20",21
"PM10;""2018-12-02T00:00:00+01:00"";19",82
"PM10;""2018-12-02T00:15:00+01:00"";19",608
"PM10;""2018-12-02T00:30:00+01:00"";19",404
"PM10;""2018-12-02T00:45:00+01:00"";19",155
"PM10;""2018-12-02T01:00:00+01:00"";18",892
"PM10;""2018-12-02T01:15:00+01:00"";18",624
"PM10;""2018-12-02T01:30:00+01:00"";18",353
"PM10;""2018-12-02T01:45:00+01:00"";18",23
"PM10;""2018-12-02T02:00:00+01:00"";17",704
"PM10;""2018-12-02T02:15:00+01:00"";17",375
"PM10;""2018-12-02T02:30:00+01:00"";17",92
"PM10;""2018-12-02T02:45:00+01:00"";16",771
"PM10;""2018-12-02T03:00:00+01:00"";16",463
"PM10;""2018-12-02T03:15:00+01:00"";16",164
"PM10;""2018-12-02T03:30:00+01:00"";15",84
"PM10;""2018-12-02T03:45:00+01:00"";15",524
"PM10;""2018-12-02T04:00:00+01:00"";15",208
"PM10;""2018-12-02T04:15:00+01:00"";14",907
"PM10;""2018-12-02T04:30:00+01:00"";14",617
"PM10;""2018-12-02T04:45:00+01:00"";14",299
"PM10;""2018-12-02T05:00:00+01:00"";13",988
"PM10;""2018-12-02T05:15:00+01:00"";13",704
"PM10;""2018-12-02T05:30:00+01:00"";13",4
"PM10;""2018-12-02T05:45:00+01:00"";13",1
"PM10;""2018-12-02T06:00:00+01:00"";12",798
"PM10;""2018-12-02T06:15:00+01:00"";12",519
"PM10;""2018-12-02T06:30:00+01:00"";12",256
"PM10;""2018-12-02T06:45:00+01:00"";11",999
"PM10;""2018-12-02T07:00:00+01:00"";11",766
"PM10;""2018-12-02T07:15:00+01:00"";11",496
"PM10;""2018-12-02T07:30:00+01:00"";11",226
"PM10;""2018-12-02T07:45:00+01:00"";10",99
"PM10;""2018-12-02T08:00:00+01:00"";10",738
"PM10;""2018-12-02T08:15:00+01:00"";10",509
"PM10;""2018-12-02T08:30:00+01:00"";10",307
"PM10;""2018-12-02T08:45:00+01:00"";10",109
"PM10;""2018-12-02T09:00:00+01:00"";9",907
"PM10;""2018-12-02T09:15:00+01:00"";9",675
"PM10;""2018-12-02T09:30:00+01:00"";9",454
"PM10;""2018-12-02T09:45:00+01:00"";9",287
"PM10;""2018-12-02T10:00:00+01:00"";9",14
"PM10;""2018-12-02T10:15:00+01:00"";9",9
"PM10;""2018-12-02T10:30:00+01:00"";8",882
"PM10;""2018-12-02T10:45:00+01:00"";8",702
"PM10;""2018-12-02T11:00:00+01:00"";8",561
"PM10;""2018-12-02T11:15:00+01:00"";8",446
"PM10;""2018-12-02T11:30:00+01:00"";8",343
"PM10;""2018-12-02T11:45:00+01:00"";8",25
"PM10;""2018-12-02T12:00:00+01:00"";8",173
"PM10;""2018-12-02T12:15:00+01:00"";8",66
"PM10;""2018-12-02T12:30:00+01:00"";7",977
"PM10;""2018-12-02T12:45:00+01:00"";7",929
"PM10;""2018-12-02T13:00:00+01:00"";7",877
"PM10;""2018-12-02T13:15:00+01:00"";7",825
"PM10;""2018-12-02T13:30:00+01:00"";7",764
"PM10;""2018-12-02T13:45:00+01:00"";7",688
"PM10;""2018-12-02T14:00:00+01:00"";7",623
"PM10;""2018-12-02T14:15:00+01:00"";7",528
"PM10;""2018-12-02T14:30:00+01:00"";7",448
"PM10;""2018-12-02T14:45:00+01:00"";7",347
"PM10;""2018-12-02T15:00:00+01:00"";7",271
"PM10;""2018-12-02T15:15:00+01:00"";7",214
"PM10;""2018-12-02T15:30:00+01:00"";7",153
"PM10;""2018-12-02T15:45:00+01:00"";7",67
"PM10;""2018-12-02T16:00:00+01:00"";7",1
"PM10;""2018-12-02T16:15:00+01:00"";6",906
"PM10;""2018-12-02T16:30:00+01:00"";6",786
"PM10;""2018-12-02T16:45:00+01:00"";6",738
"PM10;""2018-12-02T17:00:00+01:00"";6",624
"PM10;""2018-12-02T17:15:00+01:00"";6",512
"PM10;""2018-12-02T17:30:00+01:00"";6",408
"PM10;""2018-12-02T17:45:00+01:00"";6",336
"PM10;""2018-12-02T18:00:00+01:00"";6",35
"PM10;""2018-12-02T18:15:00+01:00"";6",265
"PM10;""2018-12-02T18:30:00+01:00"";6",189
"PM10;""2018-12-02T18:45:00+01:00"";6",17
"PM10;""2018-12-02T19:00:00+01:00"";6",138
"PM10;""2018-12-02T19:15:00+01:00"";6",91
"PM10;""2018-12-02T19:30:00+01:00"";6",68
"PM10;""2018-12-02T19:45:00+01:00"";6",63
"PM10;""2018-12-02T20:00:00+01:00"";6",66
"PM10;""2018-12-02T20:15:00+01:00"";6",56
"PM10;""2018-12-02T20:30:00+01:00"";6",59
"PM10;""2018-12-02T20:45:00+01:00"";6",113
"PM10;""2018-12-02T21:00:00+01:00"";6",133
"PM10;""2018-12-02T21:15:00+01:00"";6",167
"PM10;""2018-12-02T21:30:00+01:00"";6",162
"PM10;""2018-12-02T21:45:00+01:00"";6",173
"PM10;""2018-12-02T22:00:00+01:00"";6",185
"PM10;""2018-12-02T22:15:00+01:00"";6",204
"PM10;""2018-12-02T22:30:00+01:00"";6",202
"PM10;""2018-12-02T22:45:00+01:00"";6",189
"PM10;""2018-12-02T23:00:00+01:00"";6",159
"PM10;""2018-12-02T23:15:00+01:00"";6",132
"PM10;""2018-12-02T23:30:00+01:00"";6",13
"PM10;""2018-12-02T23:45:00+01:00"";6",13
"PM10;""2018-12-03T00:00:00+01:00"";6",129
"PM10;""2018-12-03T00:15:00+01:00"";6",127
"PM10;""2018-12-03T00:30:00+01:00"";6",146
"PM10;""2018-12-03T00:45:00+01:00"";6",166
"PM10;""2018-12-03T01:00:00+01:00"";6",165
"PM10;""2018-12-03T01:15:00+01:00"";6",149
"PM10;""2018-12-03T01:30:00+01:00"";6",118
"PM10;""2018-12-03T01:45:00+01:00"";6",87
"PM10;""2018-12-03T02:00:00+01:00"";6",61
"PM10;""2018-12-03T02:15:00+01:00"";6",32
"PM10;""2018-12-03T02:30:00+01:00"";5",971
"PM10;""2018-12-03T02:45:00+01:00"";5",939
"PM10;""2018-12-03T03:00:00+01:00"";5",909
"PM10;""2018-12-03T03:15:00+01:00"";5",874
"PM10;""2018-12-03T03:30:00+01:00"";5",837
"PM10;""2018-12-03T03:45:00+01:00"";5",8
"PM10;""2018-12-03T04:00:00+01:00"";5",76
"PM10;""2018-12-03T04:15:00+01:00"";5",728
"PM10;""2018-12-03T04:30:00+01:00"";5",714
"PM10;""2018-12-03T04:45:00+01:00"";5",697
"PM10;""2018-12-03T05:00:00+01:00"";5",685
"PM10;""2018-12-03T05:15:00+01:00"";5",668
"PM10;""2018-12-03T05:30:00+01:00"";5",656
"PM10;""2018-12-03T05:45:00+01:00"";5",634
"PM10;""2018-12-03T06:00:00+01:00"";5",615
"PM10;""2018-12-03T06:15:00+01:00"";5",593
"PM10;""2018-12-03T06:30:00+01:00"";6",8
"PM10;""2018-12-03T06:45:00+01:00"";6",63
"PM10;""2018-12-03T07:00:00+01:00"";6",69
"PM10;""2018-12-03T07:15:00+01:00"";6",43
"PM10;""2018-12-03T07:30:00+01:00"";6",22
"PM10;""2018-12-03T07:45:00+01:00"";5",997
"PM10;""2018-12-03T08:00:00+01:00"";5",996
"PM10;""2018-12-03T08:15:00+01:00"";5",979
"PM10;""2018-12-03T08:30:00+01:00"";5",962
"PM10;""2018-12-03T08:45:00+01:00"";5",928
"PM10;""2018-12-03T09:00:00+01:00"";5",901
"PM10;""2018-12-03T09:15:00+01:00"";5",859
"PM10;""2018-12-03T09:30:00+01:00"";5",847
"PM10;""2018-12-03T09:45:00+01:00"";5",837
"PM10;""2018-12-03T10:00:00+01:00"";5",806
"PM10;""2018-12-03T10:15:00+01:00"";5",759
"PM10;""2018-12-03T10:30:00+01:00"";5",724
"PM10;""2018-12-03T10:45:00+01:00"";5",695
"PM10;""2018-12-03T11:00:00+01:00"";5",675
"PM10;""2018-12-03T11:15:00+01:00"";5",638
"PM10;""2018-12-03T11:30:00+01:00"";5",605
"PM10;""2018-12-03T11:45:00+01:00"";5",561
"PM10;""2018-12-03T12:00:00+01:00"";5",511
"PM10;""2018-12-03T12:15:00+01:00"";5",451
"PM10;""2018-12-03T12:30:00+01:00"";5",398
"PM10;""2018-12-03T12:45:00+01:00"";5",37
"PM10;""2018-12-03T13:00:00+01:00"";5",335
"PM10;""2018-12-03T13:15:00+01:00"";5",287
"PM10;""2018-12-03T13:30:00+01:00"";5",261
"PM10;""2018-12-03T13:45:00+01:00"";5",245
"PM10;""2018-12-03T14:00:00+01:00"";5",222
"PM10;""2018-12-03T14:15:00+01:00"";5",203
"PM10;""2018-12-03T14:30:00+01:00"";5",186
"PM10;""2018-12-03T14:45:00+01:00"";5",151
"PM10;""2018-12-03T15:00:00+01:00"";5",112
"PM10;""2018-12-03T15:15:00+01:00"";5",6
"PM10;""2018-12-03T15:30:00+01:00"";5",17
"PM10;""2018-12-03T15:45:00+01:00"";4",995
"PM10;""2018-12-03T16:00:00+01:00"";4",942
"PM10;""2018-12-03T16:15:00+01:00"";4",922
"PM10;""2018-12-03T16:30:00+01:00"";4",887
"PM10;""2018-12-03T16:45:00+01:00"";4",784
"PM10;""2018-12-03T17:00:00+01:00"";4",751
"PM10;""2018-12-03T17:15:00+01:00"";4",714
"PM10;""2018-12-03T17:30:00+01:00"";4",675
"PM10;""2018-12-03T17:45:00+01:00"";4",629
"PM10;""2018-12-03T18:00:00+01:00"";4",519
"PM10;""2018-12-03T18:15:00+01:00"";4",49
"PM10;""2018-12-03T18:30:00+01:00"";4",443
"PM10;""2018-12-03T18:45:00+01:00"";4",368
"PM10;""2018-12-03T19:00:00+01:00"";4",331
"PM10;""2018-12-03T19:15:00+01:00"";4",293
"PM10;""2018-12-03T19:30:00+01:00"";4",226
"PM10;""2018-12-03T19:45:00+01:00"";4",117
"PM10;""2018-12-03T20:00:00+01:00"";4",29
"PM10;""2018-12-03T20:15:00+01:00"";3",964
"PM10;""2018-12-03T20:30:00+01:00"";3",889
"PM10;""2018-12-03T20:45:00+01:00"";3",762
"PM10;""2018-12-03T21:00:00+01:00"";3",663
"PM10;""2018-12-03T21:15:00+01:00"";3",538
"PM10;""2018-12-03T21:30:00+01:00"";3",425
"PM10;""2018-12-03T21:45:00+01:00"";3",329
"PM10;""2018-12-03T22:00:00+01:00"";3",236
"PM10;""2018-12-03T22:15:00+01:00"";3",151
"PM10;""2018-12-03T22:30:00+01:00"";3",93
"PM10;""2018-12-03T22:45:00+01:00"";3",53
"PM10;""2018-12-03T23:00:00+01:00"";3",19
"PM10;""2018-12-03T23:15:00+01:00"";2",993
"PM10;""2018-12-03T23:30:00+01:00"";2",958
"PM10;""2018-12-03T23:45:00+01:00"";2",916
"PM10;""2018-12-04T00:00:00+01:00"";2",887
"PM10;""2018-12-04T00:15:00+01:00"";2",848
"PM10;""2018-12-04T00:30:00+01:00"";2",797
"PM10;""2018-12-04T00:45:00+01:00"";2",749
"PM10;""2018-12-04T01:00:00+01:00"";2",714
"PM10;""2018-12-04T01:15:00+01:00"";2",695
"PM10;""2018-12-04T01:30:00+01:00"";2",685
"PM10;""2018-12-04T01:45:00+01:00"";2",684
"PM10;""2018-12-04T02:00:00+01:00"";2",687
"PM10;""2018-12-04T02:15:00+01:00"";2",693
"PM10;""2018-12-04T02:30:00+01:00"";2",691
"PM10;""2018-12-04T02:45:00+01:00"";2",7
"PM10;""2018-12-04T03:00:00+01:00"";2",713
"PM10;""2018-12-04T03:15:00+01:00"";2",723
"PM10;""2018-12-04T03:30:00+01:00"";2",727
"PM10;""2018-12-04T03:45:00+01:00"";2",727
"PM10;""2018-12-04T04:00:00+01:00"";2",727
"PM10;""2018-12-04T04:15:00+01:00"";2",73
"PM10;""2018-12-04T04:30:00+01:00"";2",731
"PM10;""2018-12-04T04:45:00+01:00"";2",739
"PM10;""2018-12-04T05:00:00+01:00"";2",746
"PM10;""2018-12-04T05:15:00+01:00"";2",756
"PM10;""2018-12-04T05:30:00+01:00"";2",764
"PM10;""2018-12-04T05:45:00+01:00"";2",777
"PM10;""2018-12-04T06:00:00+01:00"";2",798
"PM10;""2018-12-04T06:15:00+01:00"";2",858
"PM10;""2018-12-04T06:30:00+01:00"";2",455
"PM10;""2018-12-04T06:45:00+01:00"";2",385
"PM10;""2018-12-04T07:00:00+01:00"";2",368
"PM10;""2018-12-04T07:15:00+01:00"";2",383
"PM10;""2018-12-04T07:30:00+01:00"";2",392
"PM10;""2018-12-04T07:45:00+01:00"";2",423
"PM10;""2018-12-04T08:00:00+01:00"";2",438
"PM10;""2018-12-04T08:15:00+01:00"";2",442
"PM10;""2018-12-04T08:30:00+01:00"";2",438
"PM10;""2018-12-04T08:45:00+01:00"";2",468
"PM10;""2018-12-04T09:00:00+01:00"";2",485
"PM10;""2018-12-04T09:15:00+01:00"";2",495
"PM10;""2018-12-04T09:30:00+01:00"";2",473
"PM10;""2018-12-04T09:45:00+01:00"";2",458
"PM10;""2018-12-04T10:00:00+01:00"";2",463
"PM10;""2018-12-04T10:15:00+01:00"";2",465
"PM10;""2018-12-04T10:30:00+01:00"";2",472
"PM10;""2018-12-04T10:45:00+01:00"";2",472
"PM10;""2018-12-04T11:00:00+01:00"";2",454
"PM10;""2018-12-04T11:15:00+01:00"";2",461
"PM10;""2018-12-04T11:30:00+01:00"";2",479
"PM10;""2018-12-04T11:45:00+01:00"";2",518
"PM10;""2018-12-04T12:00:00+01:00"";2",526
"PM10;""2018-12-04T12:15:00+01:00"";2",548
"PM10;""2018-12-04T12:30:00+01:00"";2",591
"PM10;""2018-12-04T12:45:00+01:00"";2",596
"PM10;""2018-12-04T13:00:00+01:00"";2",595
"PM10;""2018-12-04T13:15:00+01:00"";2",603
"PM10;""2018-12-04T13:30:00+01:00"";2",615
"PM10;""2018-12-04T13:45:00+01:00"";2",643
"PM10;""2018-12-04T14:00:00+01:00"";2",664
"PM10;""2018-12-04T14:15:00+01:00"";2",677
"PM10;""2018-12-04T14:30:00+01:00"";2",686
"PM10;""2018-12-04T14:45:00+01:00"";2",69
"PM10;""2018-12-04T15:00:00+01:00"";2",699
"PM10;""2018-12-04T15:15:00+01:00"";2",741
"PM10;""2018-12-04T15:30:00+01:00"";2",782
"PM10;""2018-12-04T15:45:00+01:00"";2",778
"PM10;""2018-12-04T16:00:00+01:00"";2",78
"PM10;""2018-12-04T16:15:00+01:00"";2",792
"PM10;""2018-12-04T16:30:00+01:00"";2",793
"PM10;""2018-12-04T16:45:00+01:00"";2",798
"PM10;""2018-12-04T17:00:00+01:00"";2",853
"PM10;""2018-12-04T17:15:00+01:00"";2",864
"PM10;""2018-12-04T17:30:00+01:00"";2",857
"PM10;""2018-12-04T17:45:00+01:00"";2",846
"PM10;""2018-12-04T18:00:00+01:00"";2",822
"PM10;""2018-12-04T18:15:00+01:00"";2",808
"PM10;""2018-12-04T18:30:00+01:00"";2",791
"PM10;""2018-12-04T18:45:00+01:00"";2",787
"PM10;""2018-12-04T19:00:00+01:00"";2",767
"PM10;""2018-12-04T19:15:00+01:00"";2",768
"PM10;""2018-12-04T19:30:00+01:00"";2",78
"PM10;""2018-12-04T19:45:00+01:00"";2",814
"PM10;""2018-12-04T20:00:00+01:00"";2",849
"PM10;""2018-12-04T20:15:00+01:00"";2",869
"PM10;""2018-12-04T20:30:00+01:00"";2",88
"PM10;""2018-12-04T20:45:00+01:00"";2",896
"PM10;""2018-12-04T21:00:00+01:00"";2",926
"PM10;""2018-12-04T21:15:00+01:00"";2",967
"PM10;""2018-12-04T21:30:00+01:00"";3",37
"PM10;""2018-12-04T21:45:00+01:00"";3",208
"PM10;""2018-12-04T22:00:00+01:00"";3",247
"PM10;""2018-12-04T22:15:00+01:00"";3",325
"PM10;""2018-12-04T22:30:00+01:00"";3",424
"PM10;""2018-12-04T22:45:00+01:00"";3",568
"PM10;""2018-12-04T23:00:00+01:00"";3",704
"PM10;""2018-12-04T23:15:00+01:00"";3",882
"PM10;""2018-12-04T23:30:00+01:00"";4",53
"PM10;""2018-12-04T23:45:00+01:00"";4",209
"PM10;""2018-12-05T00:00:00+01:00"";4",356
"PM10;""2018-12-05T00:15:00+01:00"";4",533
"PM10;""2018-12-05T00:30:00+01:00"";4",707
"PM10;""2018-12-05T00:45:00+01:00"";4",88
"PM10;""2018-12-05T01:00:00+01:00"";5",65
"PM10;""2018-12-05T01:15:00+01:00"";5",289
"PM10;""2018-12-05T01:30:00+01:00"";5",532
"PM10;""2018-12-05T01:45:00+01:00"";5",775
"PM10;""2018-12-05T02:00:00+01:00"";6",55
"PM10;""2018-12-05T02:15:00+01:00"";6",35
"PM10;""2018-12-05T02:30:00+01:00"";6",709
"PM10;""2018-12-05T02:45:00+01:00"";7",21
"PM10;""2018-12-05T03:00:00+01:00"";7",291
"PM10;""2018-12-05T03:15:00+01:00"";7",566
"PM10;""2018-12-05T03:30:00+01:00"";7",861
"PM10;""2018-12-05T03:45:00+01:00"";8",141
"PM10;""2018-12-05T04:00:00+01:00"";8",46
"PM10;""2018-12-05T04:15:00+01:00"";8",844
"PM10;""2018-12-05T04:30:00+01:00"";9",282
"PM10;""2018-12-05T04:45:00+01:00"";9",753
"PM10;""2018-12-05T05:00:00+01:00"";10",248
"PM10;""2018-12-05T05:15:00+01:00"";10",713
"PM10;""2018-12-05T05:30:00+01:00"";11",165
"PM10;""2018-12-05T05:45:00+01:00"";11",668
"PM10;""2018-12-05T06:00:00+01:00"";12",198
"PM10;""2018-12-05T06:15:00+01:00"";12",742
"PM10;""2018-12-05T06:30:00+01:00"";13",295
"PM10;""2018-12-05T06:45:00+01:00"";13",855
"PM10;""2018-12-05T07:00:00+01:00"";14",415
"PM10;""2018-12-05T07:15:00+01:00"";14",956
"PM10;""2018-12-05T07:30:00+01:00"";15",458
"PM10;""2018-12-05T07:45:00+01:00"";15",884
"PM10;""2018-12-05T08:00:00+01:00"";16",289
"PM10;""2018-12-05T08:15:00+01:00"";16",725
"PM10;""2018-12-05T08:30:00+01:00"";17",193
"PM10;""2018-12-05T08:45:00+01:00"";17",601
"PM10;""2018-12-05T09:00:00+01:00"";18",8
"PM10;""2018-12-05T09:15:00+01:00"";18",569
"PM10;""2018-12-05T09:30:00+01:00"";19",63
"PM10;""2018-12-05T09:45:00+01:00"";19",562
"PM10;""2018-12-05T10:00:00+01:00"";20",107
"PM10;""2018-12-05T10:15:00+01:00"";20",606
"PM10;""2018-12-05T10:30:00+01:00"";21",88
"PM10;""2018-12-05T10:45:00+01:00"";21",638
"PM10;""2018-12-05T11:00:00+01:00"";22",226
"PM10;""2018-12-05T11:15:00+01:00"";22",676
"PM10;""2018-12-05T11:30:00+01:00"";23",143
"PM10;""2018-12-05T11:45:00+01:00"";23",667
"PM10;""2018-12-05T12:00:00+01:00"";24",188
"PM10;""2018-12-05T12:15:00+01:00"";24",631
"PM10;""2018-12-05T12:30:00+01:00"";25",43
"PM10;""2018-12-05T12:45:00+01:00"";25",482
"PM10;""2018-12-05T13:00:00+01:00"";25",991
"PM10;""2018-12-05T13:15:00+01:00"";26",471
"PM10;""2018-12-05T13:30:00+01:00"";26",965
"PM10;""2018-12-05T13:45:00+01:00"";27",417
"PM10;""2018-12-05T14:00:00+01:00"";27",867
"PM10;""2018-12-05T14:15:00+01:00"";28",299
"PM10;""2018-12-05T14:30:00+01:00"";28",72
"PM10;""2018-12-05T14:45:00+01:00"";29",102
"PM10;""2018-12-05T15:00:00+01:00"";29",463
"PM10;""2018-12-05T15:15:00+01:00"";29",746
"PM10;""2018-12-05T15:30:00+01:00"";30",16
"PM10;""2018-12-05T15:45:00+01:00"";30",303
"PM10;""2018-12-05T16:00:00+01:00"";30",648
"PM10;""2018-12-05T16:15:00+01:00"";30",954
"PM10;""2018-12-05T16:30:00+01:00"";31",222
"PM10;""2018-12-05T16:45:00+01:00"";31",502
"PM10;""2018-12-05T17:00:00+01:00"";31",684
"PM10;""2018-12-05T17:15:00+01:00"";31",933
"PM10;""2018-12-05T17:30:00+01:00"";32",195
"PM10;""2018-12-05T17:45:00+01:00"";32",479
"PM10;""2018-12-05T18:00:00+01:00"";32",786
"PM10;""2018-12-05T18:15:00+01:00"";33",91
"PM10;""2018-12-05T18:30:00+01:00"";33",41
"PM10;""2018-12-05T18:45:00+01:00"";33",712
"PM10;""2018-12-05T19:00:00+01:00"";34",26
"PM10;""2018-12-05T19:15:00+01:00"";34",342
"PM10;""2018-12-05T19:30:00+01:00"";34",655
"PM10;""2018-12-05T19:45:00+01:00"";34",965
"PM10;""2018-12-05T20:00:00+01:00"";35",335
"PM10;""2018-12-05T20:15:00+01:00"";35",72
"PM10;""2018-12-05T20:30:00+01:00"";36",95
"PM10;""2018-12-05T20:45:00+01:00"";36",457
"PM10;""2018-12-05T21:00:00+01:00"";36",847
"PM10;""2018-12-05T21:15:00+01:00"";37",22
"PM10;""2018-12-05T21:30:00+01:00"";37",624
"PM10;""2018-12-05T21:45:00+01:00"";37",959
"PM10;""2018-12-05T22:00:00+01:00"";38",352
"PM10;""2018-12-05T22:15:00+01:00"";38",667
"PM10;""2018-12-05T22:30:00+01:00"";38",959
"PM10;""2018-12-05T22:45:00+01:00"";39",188
"PM10;""2018-12-05T23:00:00+01:00"";39",463
"PM10;""2018-12-05T23:15:00+01:00"";39",629
"PM10;""2018-12-05T23:30:00+01:00"";39",814
"PM10;""2018-12-05T23:45:00+01:00"";40",48
"PM10;""2018-12-06T00:00:00+01:00"";40",317
"PM10;""2018-12-06T00:15:00+01:00"";40",562
"PM10;""2018-12-06T00:30:00+01:00"";40",788
"PM10;""2018-12-06T00:45:00+01:00"";40",997
"PM10;""2018-12-06T01:00:00+01:00"";41",169
"PM10;""2018-12-06T01:15:00+01:00"";41",284
"PM10;""2018-12-06T01:30:00+01:00"";41",364
"PM10;""2018-12-06T01:45:00+01:00"";41",468
"PM10;""2018-12-06T02:00:00+01:00"";41",558
"PM10;""2018-12-06T02:15:00+01:00"";41",58
"PM10;""2018-12-06T02:30:00+01:00"";41",516
"PM10;""2018-12-06T02:45:00+01:00"";41",489
"PM10;""2018-12-06T03:00:00+01:00"";41",49
"PM10;""2018-12-06T03:15:00+01:00"";41",491
"PM10;""2018-12-06T03:30:00+01:00"";41",465
"PM10;""2018-12-06T03:45:00+01:00"";41",427
"PM10;""2018-12-06T04:00:00+01:00"";41",295
"PM10;""2018-12-06T04:15:00+01:00"";41",122
"PM10;""2018-12-06T04:30:00+01:00"";40",883
"PM10;""2018-12-06T04:45:00+01:00"";40",597
"PM10;""2018-12-06T05:00:00+01:00"";40",313
"PM10;""2018-12-06T05:15:00+01:00"";40",59
"PM10;""2018-12-06T05:30:00+01:00"";39",821
"PM10;""2018-12-06T05:45:00+01:00"";39",512
"PM10;""2018-12-06T06:00:00+01:00"";39",26
"PM10;""2018-12-06T06:15:00+01:00"";38",865
"PM10;""2018-12-06T06:30:00+01:00"";38",473
"PM10;""2018-12-06T06:45:00+01:00"";38",121
"PM10;""2018-12-06T07:00:00+01:00"";37",747
"PM10;""2018-12-06T07:15:00+01:00"";37",398
"PM10;""2018-12-06T07:30:00+01:00"";37",68
"PM10;""2018-12-06T07:45:00+01:00"";36",789
"PM10;""2018-12-06T08:00:00+01:00"";36",507
"PM10;""2018-12-06T08:15:00+01:00"";36",221
"PM10;""2018-12-06T08:30:00+01:00"";35",897
"PM10;""2018-12-06T08:45:00+01:00"";35",615
"PM10;""2018-12-06T09:00:00+01:00"";35",294
"PM10;""2018-12-06T09:15:00+01:00"";34",971
"PM10;""2018-12-06T09:30:00+01:00"";34",657
"PM10;""2018-12-06T09:45:00+01:00"";34",304
"PM10;""2018-12-06T10:00:00+01:00"";33",894
"PM10;""2018-12-06T10:15:00+01:00"";33",551
"PM10;""2018-12-06T10:30:00+01:00"";33",385
"PM10;""2018-12-06T10:45:00+01:00"";33",3
"PM10;""2018-12-06T11:00:00+01:00"";32",596
"PM10;""2018-12-06T11:15:00+01:00"";32",29
"PM10;""2018-12-06T11:30:00+01:00"";31",951
"PM10;""2018-12-06T11:45:00+01:00"";31",53
"PM10;""2018-12-06T12:00:00+01:00"";31",152
"PM10;""2018-12-06T12:15:00+01:00"";30",858
"PM10;""2018-12-06T12:30:00+01:00"";30",499
"PM10;""2018-12-06T12:45:00+01:00"";30",123
"PM10;""2018-12-06T13:00:00+01:00"";29",748
"PM10;""2018-12-06T13:15:00+01:00"";29",329
"PM10;""2018-12-06T13:30:00+01:00"";28",848
"PM10;""2018-12-06T13:45:00+01:00"";28",389
"PM10;""2018-12-06T14:00:00+01:00"";27",93
"PM10;""2018-12-06T14:15:00+01:00"";27",499
"PM10;""2018-12-06T14:30:00+01:00"";27",78
"PM10;""2018-12-06T14:45:00+01:00"";26",735
"PM2.5;""2018-11-29T14:15:00+01:00"";23",851
"PM2.5;""2018-11-29T14:30:00+01:00"";23",959
"PM2.5;""2018-11-29T14:45:00+01:00"";24",83
"PM2.5;""2018-11-29T15:00:00+01:00"";24",221
"PM2.5;""2018-11-29T15:15:00+01:00"";24",35
"PM2.5;""2018-11-29T15:30:00+01:00"";24",47
"PM2.5;""2018-11-29T15:45:00+01:00"";24",583
"PM2.5;""2018-11-29T16:00:00+01:00"";24",671
"PM2.5;""2018-11-29T16:15:00+01:00"";24",806
"PM2.5;""2018-11-29T16:30:00+01:00"";25",5
"PM2.5;""2018-11-29T16:45:00+01:00"";25",179
"PM2.5;""2018-11-29T17:00:00+01:00"";25",3
"PM2.5;""2018-11-29T17:15:00+01:00"";25",386
"PM2.5;""2018-11-29T17:30:00+01:00"";25",453
"PM2.5;""2018-11-29T17:45:00+01:00"";25",509
"PM2.5;""2018-11-29T18:00:00+01:00"";25",558
"PM2.5;""2018-11-29T18:15:00+01:00"";25",589
"PM2.5;""2018-11-29T18:30:00+01:00"";25",628
"PM2.5;""2018-11-29T18:45:00+01:00"";25",662
"PM2.5;""2018-11-29T19:00:00+01:00"";25",708
"PM2.5;""2018-11-29T19:15:00+01:00"";25",755
"PM2.5;""2018-11-29T19:30:00+01:00"";25",809
"PM2.5;""2018-11-29T19:45:00+01:00"";25",821
"PM2.5;""2018-11-29T20:00:00+01:00"";25",861
"PM2.5;""2018-11-29T20:15:00+01:00"";25",924
"PM2.5;""2018-11-29T20:30:00+01:00"";25",965
"PM2.5;""2018-11-29T20:45:00+01:00"";26",3
"PM2.5;""2018-11-29T21:00:00+01:00"";26",88
"PM2.5;""2018-11-29T21:15:00+01:00"";26",145
"PM2.5;""2018-11-29T21:30:00+01:00"";26",206
"PM2.5;""2018-11-29T21:45:00+01:00"";26",293
"PM2.5;""2018-11-29T22:00:00+01:00"";26",375
"PM2.5;""2018-11-29T22:15:00+01:00"";26",454
"PM2.5;""2018-11-29T22:30:00+01:00"";26",562
"PM2.5;""2018-11-29T22:45:00+01:00"";26",666
"PM2.5;""2018-11-29T23:00:00+01:00"";26",779
"PM2.5;""2018-11-29T23:15:00+01:00"";26",854
"PM2.5;""2018-11-29T23:30:00+01:00"";26",901
"PM2.5;""2018-11-29T23:45:00+01:00"";26",945
"PM2.5;""2018-11-30T00:00:00+01:00"";26",96
"PM2.5;""2018-11-30T00:15:00+01:00"";26",988
"PM2.5;""2018-11-30T00:30:00+01:00"";27",7
"PM2.5;""2018-11-30T00:45:00+01:00"";26",997
"PM2.5;""2018-11-30T01:00:00+01:00"";27",9
"PM2.5;""2018-11-30T01:15:00+01:00"";27",38
"PM2.5;""2018-11-30T01:30:00+01:00"";27",83
"PM2.5;""2018-11-30T01:45:00+01:00"";27",131
"PM2.5;""2018-11-30T02:00:00+01:00"";27",14
"PM2.5;""2018-11-30T02:15:00+01:00"";27",17
"PM2.5;""2018-11-30T02:30:00+01:00"";27",188
"PM2.5;""2018-11-30T02:45:00+01:00"";27",214
"PM2.5;""2018-11-30T03:00:00+01:00"";27",228
"PM2.5;""2018-11-30T03:15:00+01:00"";27",308
"PM2.5;""2018-11-30T03:30:00+01:00"";27",422
"PM2.5;""2018-11-30T03:45:00+01:00"";27",455
"PM2.5;""2018-11-30T04:00:00+01:00"";27",472
"PM2.5;""2018-11-30T04:15:00+01:00"";27",479
"PM2.5;""2018-11-30T04:30:00+01:00"";27",488
"PM2.5;""2018-11-30T04:45:00+01:00"";27",531
"PM2.5;""2018-11-30T05:00:00+01:00"";27",548
"PM2.5;""2018-11-30T05:15:00+01:00"";27",532
"PM2.5;""2018-11-30T05:30:00+01:00"";27",502
"PM2.5;""2018-11-30T05:45:00+01:00"";27",415
"PM2.5;""2018-11-30T06:00:00+01:00"";27",286
"PM2.5;""2018-11-30T06:15:00+01:00"";27",187
"PM2.5;""2018-11-30T06:30:00+01:00"";27",22
"PM2.5;""2018-11-30T06:45:00+01:00"";27",232
"PM2.5;""2018-11-30T07:00:00+01:00"";27",198
"PM2.5;""2018-11-30T07:15:00+01:00"";27",118
"PM2.5;""2018-11-30T07:30:00+01:00"";27",98
"PM2.5;""2018-11-30T07:45:00+01:00"";27",68
"PM2.5;""2018-11-30T08:00:00+01:00"";27",46
"PM2.5;""2018-11-30T08:15:00+01:00"";27",28
"PM2.5;""2018-11-30T08:30:00+01:00"";26",997
"PM2.5;""2018-11-30T08:45:00+01:00"";26",981
"PM2.5;""2018-11-30T09:00:00+01:00"";26",948
"PM2.5;""2018-11-30T09:15:00+01:00"";26",891
"PM2.5;""2018-11-30T09:30:00+01:00"";26",866
"PM2.5;""2018-11-30T09:45:00+01:00"";26",797
"PM2.5;""2018-11-30T10:00:00+01:00"";26",758
"PM2.5;""2018-11-30T10:15:00+01:00"";26",633
"PM2.5;""2018-11-30T10:30:00+01:00"";26",551
"PM2.5;""2018-11-30T10:45:00+01:00"";26",464
"PM2.5;""2018-11-30T11:00:00+01:00"";26",419
"PM2.5;""2018-11-30T11:15:00+01:00"";26",327
"PM2.5;""2018-11-30T11:30:00+01:00"";26",27
"PM2.5;""2018-11-30T11:45:00+01:00"";26",214
"PM2.5;""2018-11-30T12:00:00+01:00"";26",57
"PM2.5;""2018-11-30T12:15:00+01:00"";25",871
"PM2.5;""2018-11-30T12:30:00+01:00"";25",707
"PM2.5;""2018-11-30T12:45:00+01:00"";25",502
"PM2.5;""2018-11-30T13:00:00+01:00"";25",299
"PM2.5;""2018-11-30T13:15:00+01:00"";25",141
"PM2.5;""2018-11-30T13:30:00+01:00"";24",975
"PM2.5;""2018-11-30T13:45:00+01:00"";24",793
"PM2.5;""2018-11-30T14:00:00+01:00"";24",669
"PM2.5;""2018-11-30T14:15:00+01:00"";24",536
"PM2.5;""2018-11-30T14:30:00+01:00"";24",399
"PM2.5;""2018-11-30T14:45:00+01:00"";24",265
"PM2.5;""2018-11-30T15:00:00+01:00"";24",115
"PM2.5;""2018-11-30T15:15:00+01:00"";23",97
"PM2.5;""2018-11-30T15:30:00+01:00"";23",843
"PM2.5;""2018-11-30T15:45:00+01:00"";23",683
"PM2.5;""2018-11-30T16:00:00+01:00"";23",541
"PM2.5;""2018-11-30T16:15:00+01:00"";23",357
"PM2.5;""2018-11-30T16:30:00+01:00"";23",93
"PM2.5;""2018-11-30T16:45:00+01:00"";22",851
"PM2.5;""2018-11-30T17:00:00+01:00"";22",62
"PM2.5;""2018-11-30T17:15:00+01:00"";22",405
"PM2.5;""2018-11-30T17:30:00+01:00"";22",182
"PM2.5;""2018-11-30T17:45:00+01:00"";21",964
"PM2.5;""2018-11-30T18:00:00+01:00"";21",761
"PM2.5;""2018-11-30T18:15:00+01:00"";21",589
"PM2.5;""2018-11-30T18:30:00+01:00"";21",422
"PM2.5;""2018-11-30T18:45:00+01:00"";21",245
"PM2.5;""2018-11-30T19:00:00+01:00"";21",82
"PM2.5;""2018-11-30T19:15:00+01:00"";20",91
"PM2.5;""2018-11-30T19:30:00+01:00"";20",716
"PM2.5;""2018-11-30T19:45:00+01:00"";20",517
"PM2.5;""2018-11-30T20:00:00+01:00"";20",339
"PM2.5;""2018-11-30T20:15:00+01:00"";20",136
"PM2.5;""2018-11-30T20:30:00+01:00"";19",94
"PM2.5;""2018-11-30T20:45:00+01:00"";19",738
"PM2.5;""2018-11-30T21:00:00+01:00"";19",513
"PM2.5;""2018-11-30T21:15:00+01:00"";19",276
"PM2.5;""2018-11-30T21:30:00+01:00"";19",27
"PM2.5;""2018-11-30T21:45:00+01:00"";18",776
"PM2.5;""2018-11-30T22:00:00+01:00"";18",542
"PM2.5;""2018-11-30T22:15:00+01:00"";18",315
"PM2.5;""2018-11-30T22:30:00+01:00"";18",9
"PM2.5;""2018-11-30T22:45:00+01:00"";17",887
"PM2.5;""2018-11-30T23:00:00+01:00"";17",674
"PM2.5;""2018-11-30T23:15:00+01:00"";17",493
"PM2.5;""2018-11-30T23:30:00+01:00"";17",347
"PM2.5;""2018-11-30T23:45:00+01:00"";17",234
"PM2.5;""2018-12-01T00:00:00+01:00"";17",13
"PM2.5;""2018-12-01T00:15:00+01:00"";17",27
"PM2.5;""2018-12-01T00:30:00+01:00"";16",924
"PM2.5;""2018-12-01T00:45:00+01:00"";16",837
"PM2.5;""2018-12-01T01:00:00+01:00"";16",766
"PM2.5;""2018-12-01T01:15:00+01:00"";16",682
"PM2.5;""2018-12-01T01:30:00+01:00"";16",61
"PM2.5;""2018-12-01T01:45:00+01:00"";16",541
"PM2.5;""2018-12-01T02:00:00+01:00"";16",514
"PM2.5;""2018-12-01T02:15:00+01:00"";16",49
"PM2.5;""2018-12-01T02:30:00+01:00"";16",476
"PM2.5;""2018-12-01T02:45:00+01:00"";16",452
"PM2.5;""2018-12-01T03:00:00+01:00"";16",432
"PM2.5;""2018-12-01T03:15:00+01:00"";16",355
"PM2.5;""2018-12-01T03:30:00+01:00"";16",261
"PM2.5;""2018-12-01T03:45:00+01:00"";16",275
"PM2.5;""2018-12-01T04:00:00+01:00"";16",298
"PM2.5;""2018-12-01T04:15:00+01:00"";16",317
"PM2.5;""2018-12-01T04:30:00+01:00"";16",321
"PM2.5;""2018-12-01T04:45:00+01:00"";16",325
"PM2.5;""2018-12-01T05:00:00+01:00"";16",338
"PM2.5;""2018-12-01T05:15:00+01:00"";16",349
"PM2.5;""2018-12-01T05:30:00+01:00"";16",36
"PM2.5;""2018-12-01T05:45:00+01:00"";16",417
"PM2.5;""2018-12-01T06:00:00+01:00"";16",515
"PM2.5;""2018-12-01T06:15:00+01:00"";16",567
"PM2.5;""2018-12-01T06:30:00+01:00"";16",483
"PM2.5;""2018-12-01T06:45:00+01:00"";16",407
"PM2.5;""2018-12-01T07:00:00+01:00"";16",386
"PM2.5;""2018-12-01T07:15:00+01:00"";16",408
"PM2.5;""2018-12-01T07:30:00+01:00"";16",411
"PM2.5;""2018-12-01T07:45:00+01:00"";16",39
"PM2.5;""2018-12-01T08:00:00+01:00"";16",363
"PM2.5;""2018-12-01T08:15:00+01:00"";16",322
"PM2.5;""2018-12-01T08:30:00+01:00"";16",267
"PM2.5;""2018-12-01T08:45:00+01:00"";16",203
"PM2.5;""2018-12-01T09:00:00+01:00"";16",142
"PM2.5;""2018-12-01T09:15:00+01:00"";16",116
"PM2.5;""2018-12-01T09:30:00+01:00"";16",69
"PM2.5;""2018-12-01T09:45:00+01:00"";16",17
"PM2.5;""2018-12-01T10:00:00+01:00"";15",939
"PM2.5;""2018-12-01T10:15:00+01:00"";15",906
"PM2.5;""2018-12-01T10:30:00+01:00"";15",888
"PM2.5;""2018-12-01T10:45:00+01:00"";15",884
"PM2.5;""2018-12-01T11:00:00+01:00"";15",799
"PM2.5;""2018-12-01T11:15:00+01:00"";15",735
"PM2.5;""2018-12-01T11:30:00+01:00"";15",656
"PM2.5;""2018-12-01T11:45:00+01:00"";15",602
"PM2.5;""2018-12-01T12:00:00+01:00"";15",583
"PM2.5;""2018-12-01T12:15:00+01:00"";15",565
"PM2.5;""2018-12-01T12:30:00+01:00"";15",489
"PM2.5;""2018-12-01T12:45:00+01:00"";15",371
"PM2.5;""2018-12-01T13:00:00+01:00"";15",255
"PM2.5;""2018-12-01T13:15:00+01:00"";15",14
"PM2.5;""2018-12-01T13:30:00+01:00"";15",42
"PM2.5;""2018-12-01T13:45:00+01:00"";14",988
"PM2.5;""2018-12-01T14:00:00+01:00"";14",916
"PM2.5;""2018-12-01T14:15:00+01:00"";14",901
"PM2.5;""2018-12-01T14:30:00+01:00"";14",879
"PM2.5;""2018-12-01T14:45:00+01:00"";14",86
"PM2.5;""2018-12-01T15:00:00+01:00"";14",819
"PM2.5;""2018-12-01T15:15:00+01:00"";14",776
"PM2.5;""2018-12-01T15:30:00+01:00"";14",715
"PM2.5;""2018-12-01T15:45:00+01:00"";14",696
"PM2.5;""2018-12-01T16:00:00+01:00"";14",691
"PM2.5;""2018-12-01T16:15:00+01:00"";14",672
"PM2.5;""2018-12-01T16:30:00+01:00"";14",692
"PM2.5;""2018-12-01T16:45:00+01:00"";14",704
"PM2.5;""2018-12-01T17:00:00+01:00"";14",748
"PM2.5;""2018-12-01T17:15:00+01:00"";14",798
"PM2.5;""2018-12-01T17:30:00+01:00"";14",869
"PM2.5;""2018-12-01T17:45:00+01:00"";14",924
"PM2.5;""2018-12-01T18:00:00+01:00"";14",959
"PM2.5;""2018-12-01T18:15:00+01:00"";14",972
"PM2.5;""2018-12-01T18:30:00+01:00"";14",994
"PM2.5;""2018-12-01T18:45:00+01:00"";14",992
"PM2.5;""2018-12-01T19:00:00+01:00"";14",972
"PM2.5;""2018-12-01T19:15:00+01:00"";14",963
"PM2.5;""2018-12-01T19:30:00+01:00"";14",963
"PM2.5;""2018-12-01T19:45:00+01:00"";14",984
"PM2.5;""2018-12-01T20:00:00+01:00"";14",975
"PM2.5;""2018-12-01T20:15:00+01:00"";14",957
"PM2.5;""2018-12-01T20:30:00+01:00"";14",951
"PM2.5;""2018-12-01T20:45:00+01:00"";14",946
"PM2.5;""2018-12-01T21:00:00+01:00"";14",934
"PM2.5;""2018-12-01T21:15:00+01:00"";14",928
"PM2.5;""2018-12-01T21:30:00+01:00"";14",924
"PM2.5;""2018-12-01T21:45:00+01:00"";14",915
"PM2.5;""2018-12-01T22:00:00+01:00"";14",893
"PM2.5;""2018-12-01T22:15:00+01:00"";14",857
"PM2.5;""2018-12-01T22:30:00+01:00"";14",795
"PM2.5;""2018-12-01T22:45:00+01:00"";14",699
"PM2.5;""2018-12-01T23:00:00+01:00"";14",608
"PM2.5;""2018-12-01T23:15:00+01:00"";14",522
"PM2.5;""2018-12-01T23:30:00+01:00"";14",415
"PM2.5;""2018-12-01T23:45:00+01:00"";14",279
"PM2.5;""2018-12-02T00:00:00+01:00"";14",138
"PM2.5;""2018-12-02T00:15:00+01:00"";13",991
"PM2.5;""2018-12-02T00:30:00+01:00"";13",839
"PM2.5;""2018-12-02T00:45:00+01:00"";13",671
"PM2.5;""2018-12-02T01:00:00+01:00"";13",493
"PM2.5;""2018-12-02T01:15:00+01:00"";13",317
"PM2.5;""2018-12-02T01:30:00+01:00"";13",132
"PM2.5;""2018-12-02T01:45:00+01:00"";12",931
"PM2.5;""2018-12-02T02:00:00+01:00"";12",722
"PM2.5;""2018-12-02T02:15:00+01:00"";12",512
"PM2.5;""2018-12-02T02:30:00+01:00"";12",324
"PM2.5;""2018-12-02T02:45:00+01:00"";12",117
"PM2.5;""2018-12-02T03:00:00+01:00"";11",91
"PM2.5;""2018-12-02T03:15:00+01:00"";11",703
"PM2.5;""2018-12-02T03:30:00+01:00"";11",499
"PM2.5;""2018-12-02T03:45:00+01:00"";11",284
"PM2.5;""2018-12-02T04:00:00+01:00"";11",74
"PM2.5;""2018-12-02T04:15:00+01:00"";10",872
"PM2.5;""2018-12-02T04:30:00+01:00"";10",674
"PM2.5;""2018-12-02T04:45:00+01:00"";10",462
"PM2.5;""2018-12-02T05:00:00+01:00"";10",254
"PM2.5;""2018-12-02T05:15:00+01:00"";10",64
"PM2.5;""2018-12-02T05:30:00+01:00"";9",864
"PM2.5;""2018-12-02T05:45:00+01:00"";9",663
"PM2.5;""2018-12-02T06:00:00+01:00"";9",472
"PM2.5;""2018-12-02T06:15:00+01:00"";9",295
"PM2.5;""2018-12-02T06:30:00+01:00"";9",122
"PM2.5;""2018-12-02T06:45:00+01:00"";8",953
"PM2.5;""2018-12-02T07:00:00+01:00"";8",795
"PM2.5;""2018-12-02T07:15:00+01:00"";8",612
"PM2.5;""2018-12-02T07:30:00+01:00"";8",43
"PM2.5;""2018-12-02T07:45:00+01:00"";8",273
"PM2.5;""2018-12-02T08:00:00+01:00"";8",106
"PM2.5;""2018-12-02T08:15:00+01:00"";7",961
"PM2.5;""2018-12-02T08:30:00+01:00"";7",824
"PM2.5;""2018-12-02T08:45:00+01:00"";7",692
"PM2.5;""2018-12-02T09:00:00+01:00"";7",561
"PM2.5;""2018-12-02T09:15:00+01:00"";7",408
"PM2.5;""2018-12-02T09:30:00+01:00"";7",257
"PM2.5;""2018-12-02T09:45:00+01:00"";7",136
"PM2.5;""2018-12-02T10:00:00+01:00"";7",31
"PM2.5;""2018-12-02T10:15:00+01:00"";6",931
"PM2.5;""2018-12-02T10:30:00+01:00"";6",828
"PM2.5;""2018-12-02T10:45:00+01:00"";6",699
"PM2.5;""2018-12-02T11:00:00+01:00"";6",588
"PM2.5;""2018-12-02T11:15:00+01:00"";6",505
"PM2.5;""2018-12-02T11:30:00+01:00"";6",43
"PM2.5;""2018-12-02T11:45:00+01:00"";6",359
"PM2.5;""2018-12-02T12:00:00+01:00"";6",3
"PM2.5;""2018-12-02T12:15:00+01:00"";6",218
"PM2.5;""2018-12-02T12:30:00+01:00"";6",154
"PM2.5;""2018-12-02T12:45:00+01:00"";6",119
"PM2.5;""2018-12-02T13:00:00+01:00"";6",79
"PM2.5;""2018-12-02T13:15:00+01:00"";6",35
"PM2.5;""2018-12-02T13:30:00+01:00"";5",989
"PM2.5;""2018-12-02T13:45:00+01:00"";5",932
"PM2.5;""2018-12-02T14:00:00+01:00"";5",878
"PM2.5;""2018-12-02T14:15:00+01:00"";5",806
"PM2.5;""2018-12-02T14:30:00+01:00"";5",741
"PM2.5;""2018-12-02T14:45:00+01:00"";5",666
"PM2.5;""2018-12-02T15:00:00+01:00"";5",612
"PM2.5;""2018-12-02T15:15:00+01:00"";5",571
"PM2.5;""2018-12-02T15:30:00+01:00"";5",526
"PM2.5;""2018-12-02T15:45:00+01:00"";5",466
"PM2.5;""2018-12-02T16:00:00+01:00"";5",421
"PM2.5;""2018-12-02T16:15:00+01:00"";5",345
"PM2.5;""2018-12-02T16:30:00+01:00"";5",27
"PM2.5;""2018-12-02T16:45:00+01:00"";5",236
"PM2.5;""2018-12-02T17:00:00+01:00"";5",152
"PM2.5;""2018-12-02T17:15:00+01:00"";5",63
"PM2.5;""2018-12-02T17:30:00+01:00"";4",986
"PM2.5;""2018-12-02T17:45:00+01:00"";4",93
"PM2.5;""2018-12-02T18:00:00+01:00"";4",932
"PM2.5;""2018-12-02T18:15:00+01:00"";4",881
"PM2.5;""2018-12-02T18:30:00+01:00"";4",83
"PM2.5;""2018-12-02T18:45:00+01:00"";4",827
"PM2.5;""2018-12-02T19:00:00+01:00"";4",817
"PM2.5;""2018-12-02T19:15:00+01:00"";4",794
"PM2.5;""2018-12-02T19:30:00+01:00"";4",79
"PM2.5;""2018-12-02T19:45:00+01:00"";4",798
"PM2.5;""2018-12-02T20:00:00+01:00"";4",809
"PM2.5;""2018-12-02T20:15:00+01:00"";4",813
"PM2.5;""2018-12-02T20:30:00+01:00"";4",825
"PM2.5;""2018-12-02T20:45:00+01:00"";4",863
"PM2.5;""2018-12-02T21:00:00+01:00"";4",892
"PM2.5;""2018-12-02T21:15:00+01:00"";4",927
"PM2.5;""2018-12-02T21:30:00+01:00"";4",952
"PM2.5;""2018-12-02T21:45:00+01:00"";4",973
"PM2.5;""2018-12-02T22:00:00+01:00"";4",992
"PM2.5;""2018-12-02T22:15:00+01:00"";5",1
"PM2.5;""2018-12-02T22:30:00+01:00"";5",15
"PM2.5;""2018-12-02T22:45:00+01:00"";5",1
"PM2.5;""2018-12-02T23:00:00+01:00"";5",
"PM2.5;""2018-12-02T23:15:00+01:00"";4",982
"PM2.5;""2018-12-02T23:30:00+01:00"";4",981
"PM2.5;""2018-12-02T23:45:00+01:00"";4",987
"PM2.5;""2018-12-03T00:00:00+01:00"";4",992
"PM2.5;""2018-12-03T00:15:00+01:00"";4",998
"PM2.5;""2018-12-03T00:30:00+01:00"";5",19
"PM2.5;""2018-12-03T00:45:00+01:00"";5",41
"PM2.5;""2018-12-03T01:00:00+01:00"";5",46
"PM2.5;""2018-12-03T01:15:00+01:00"";5",34
"PM2.5;""2018-12-03T01:30:00+01:00"";5",14
"PM2.5;""2018-12-03T01:45:00+01:00"";4",994
"PM2.5;""2018-12-03T02:00:00+01:00"";4",975
"PM2.5;""2018-12-03T02:15:00+01:00"";4",953
"PM2.5;""2018-12-03T02:30:00+01:00"";4",913
"PM2.5;""2018-12-03T02:45:00+01:00"";4",89
"PM2.5;""2018-12-03T03:00:00+01:00"";4",867
"PM2.5;""2018-12-03T03:15:00+01:00"";4",843
"PM2.5;""2018-12-03T03:30:00+01:00"";4",816
"PM2.5;""2018-12-03T03:45:00+01:00"";4",787
"PM2.5;""2018-12-03T04:00:00+01:00"";4",761
"PM2.5;""2018-12-03T04:15:00+01:00"";4",736
"PM2.5;""2018-12-03T04:30:00+01:00"";4",719
"PM2.5;""2018-12-03T04:45:00+01:00"";4",704
"PM2.5;""2018-12-03T05:00:00+01:00"";4",692
"PM2.5;""2018-12-03T05:15:00+01:00"";4",681
"PM2.5;""2018-12-03T05:30:00+01:00"";4",669
"PM2.5;""2018-12-03T05:45:00+01:00"";4",655
"PM2.5;""2018-12-03T06:00:00+01:00"";4",637
"PM2.5;""2018-12-03T06:15:00+01:00"";4",621
"PM2.5;""2018-12-03T06:30:00+01:00"";4",862
"PM2.5;""2018-12-03T06:45:00+01:00"";4",897
"PM2.5;""2018-12-03T07:00:00+01:00"";4",906
"PM2.5;""2018-12-03T07:15:00+01:00"";4",89
"PM2.5;""2018-12-03T07:30:00+01:00"";4",876
"PM2.5;""2018-12-03T07:45:00+01:00"";4",86
"PM2.5;""2018-12-03T08:00:00+01:00"";4",863
"PM2.5;""2018-12-03T08:15:00+01:00"";4",851
"PM2.5;""2018-12-03T08:30:00+01:00"";4",84
"PM2.5;""2018-12-03T08:45:00+01:00"";4",816
"PM2.5;""2018-12-03T09:00:00+01:00"";4",796
"PM2.5;""2018-12-03T09:15:00+01:00"";4",771
"PM2.5;""2018-12-03T09:30:00+01:00"";4",765
"PM2.5;""2018-12-03T09:45:00+01:00"";4",758
"PM2.5;""2018-12-03T10:00:00+01:00"";4",729
"PM2.5;""2018-12-03T10:15:00+01:00"";4",691
"PM2.5;""2018-12-03T10:30:00+01:00"";4",663
"PM2.5;""2018-12-03T10:45:00+01:00"";4",636
"PM2.5;""2018-12-03T11:00:00+01:00"";4",62
"PM2.5;""2018-12-03T11:15:00+01:00"";4",591
"PM2.5;""2018-12-03T11:30:00+01:00"";4",559
"PM2.5;""2018-12-03T11:45:00+01:00"";4",517
"PM2.5;""2018-12-03T12:00:00+01:00"";4",469
"PM2.5;""2018-12-03T12:15:00+01:00"";4",423
"PM2.5;""2018-12-03T12:30:00+01:00"";4",375
"PM2.5;""2018-12-03T12:45:00+01:00"";4",343
"PM2.5;""2018-12-03T13:00:00+01:00"";4",312
"PM2.5;""2018-12-03T13:15:00+01:00"";4",268
"PM2.5;""2018-12-03T13:30:00+01:00"";4",241
"PM2.5;""2018-12-03T13:45:00+01:00"";4",222
"PM2.5;""2018-12-03T14:00:00+01:00"";4",199
"PM2.5;""2018-12-03T14:15:00+01:00"";4",178
"PM2.5;""2018-12-03T14:30:00+01:00"";4",164
"PM2.5;""2018-12-03T14:45:00+01:00"";4",126
"PM2.5;""2018-12-03T15:00:00+01:00"";4",9
"PM2.5;""2018-12-03T15:15:00+01:00"";4",45
"PM2.5;""2018-12-03T15:30:00+01:00"";4",5
"PM2.5;""2018-12-03T15:45:00+01:00"";3",977
"PM2.5;""2018-12-03T16:00:00+01:00"";3",924
"PM2.5;""2018-12-03T16:15:00+01:00"";3",901
"PM2.5;""2018-12-03T16:30:00+01:00"";3",865
"PM2.5;""2018-12-03T16:45:00+01:00"";3",779
"PM2.5;""2018-12-03T17:00:00+01:00"";3",742
"PM2.5;""2018-12-03T17:15:00+01:00"";3",714
"PM2.5;""2018-12-03T17:30:00+01:00"";3",686
"PM2.5;""2018-12-03T17:45:00+01:00"";3",653
"PM2.5;""2018-12-03T18:00:00+01:00"";3",575
"PM2.5;""2018-12-03T18:15:00+01:00"";3",547
"PM2.5;""2018-12-03T18:30:00+01:00"";3",501
"PM2.5;""2018-12-03T18:45:00+01:00"";3",434
"PM2.5;""2018-12-03T19:00:00+01:00"";3",386
"PM2.5;""2018-12-03T19:15:00+01:00"";3",342
"PM2.5;""2018-12-03T19:30:00+01:00"";3",282
"PM2.5;""2018-12-03T19:45:00+01:00"";3",186
"PM2.5;""2018-12-03T20:00:00+01:00"";3",105
"PM2.5;""2018-12-03T20:15:00+01:00"";3",44
"PM2.5;""2018-12-03T20:30:00+01:00"";2",973
"PM2.5;""2018-12-03T20:45:00+01:00"";2",875
"PM2.5;""2018-12-03T21:00:00+01:00"";2",788
"PM2.5;""2018-12-03T21:15:00+01:00"";2",69
"PM2.5;""2018-12-03T21:30:00+01:00"";2",594
"PM2.5;""2018-12-03T21:45:00+01:00"";2",506
"PM2.5;""2018-12-03T22:00:00+01:00"";2",423
"PM2.5;""2018-12-03T22:15:00+01:00"";2",349
"PM2.5;""2018-12-03T22:30:00+01:00"";2",296
"PM2.5;""2018-12-03T22:45:00+01:00"";2",257
"PM2.5;""2018-12-03T23:00:00+01:00"";2",226
"PM2.5;""2018-12-03T23:15:00+01:00"";2",208
"PM2.5;""2018-12-03T23:30:00+01:00"";2",177
"PM2.5;""2018-12-03T23:45:00+01:00"";2",142
"PM2.5;""2018-12-04T00:00:00+01:00"";2",111
"PM2.5;""2018-12-04T00:15:00+01:00"";2",76
"PM2.5;""2018-12-04T00:30:00+01:00"";2",31
"PM2.5;""2018-12-04T00:45:00+01:00"";1",985
"PM2.5;""2018-12-04T01:00:00+01:00"";1",95
"PM2.5;""2018-12-04T01:15:00+01:00"";1",929
"PM2.5;""2018-12-04T01:30:00+01:00"";1",92
"PM2.5;""2018-12-04T01:45:00+01:00"";1",912
"PM2.5;""2018-12-04T02:00:00+01:00"";1",907
"PM2.5;""2018-12-04T02:15:00+01:00"";1",906
"PM2.5;""2018-12-04T02:30:00+01:00"";1",904
"PM2.5;""2018-12-04T02:45:00+01:00"";1",907
"PM2.5;""2018-12-04T03:00:00+01:00"";1",908
"PM2.5;""2018-12-04T03:15:00+01:00"";1",907
"PM2.5;""2018-12-04T03:30:00+01:00"";1",905
"PM2.5;""2018-12-04T03:45:00+01:00"";1",903
"PM2.5;""2018-12-04T04:00:00+01:00"";1",9
"PM2.5;""2018-12-04T04:15:00+01:00"";1",897
"PM2.5;""2018-12-04T04:30:00+01:00"";1",896
"PM2.5;""2018-12-04T04:45:00+01:00"";1",895
"PM2.5;""2018-12-04T05:00:00+01:00"";1",895
"PM2.5;""2018-12-04T05:15:00+01:00"";1",894
"PM2.5;""2018-12-04T05:30:00+01:00"";1",893
"PM2.5;""2018-12-04T05:45:00+01:00"";1",893
"PM2.5;""2018-12-04T06:00:00+01:00"";1",895
"PM2.5;""2018-12-04T06:15:00+01:00"";1",926
"PM2.5;""2018-12-04T06:30:00+01:00"";1",685
"PM2.5;""2018-12-04T06:45:00+01:00"";1",634
"PM2.5;""2018-12-04T07:00:00+01:00"";1",61
"PM2.5;""2018-12-04T07:15:00+01:00"";1",618
"PM2.5;""2018-12-04T07:30:00+01:00"";1",617
"PM2.5;""2018-12-04T07:45:00+01:00"";1",625
"PM2.5;""2018-12-04T08:00:00+01:00"";1",625
"PM2.5;""2018-12-04T08:15:00+01:00"";1",623
"PM2.5;""2018-12-04T08:30:00+01:00"";1",609
"PM2.5;""2018-12-04T08:45:00+01:00"";1",609
"PM2.5;""2018-12-04T09:00:00+01:00"";1",607
"PM2.5;""2018-12-04T09:15:00+01:00"";1",598
"PM2.5;""2018-12-04T09:30:00+01:00"";1",571
"PM2.5;""2018-12-04T09:45:00+01:00"";1",547
"PM2.5;""2018-12-04T10:00:00+01:00"";1",543
"PM2.5;""2018-12-04T10:15:00+01:00"";1",54
"PM2.5;""2018-12-04T10:30:00+01:00"";1",539
"PM2.5;""2018-12-04T10:45:00+01:00"";1",533
"PM2.5;""2018-12-04T11:00:00+01:00"";1",517
"PM2.5;""2018-12-04T11:15:00+01:00"";1",516
"PM2.5;""2018-12-04T11:30:00+01:00"";1",523
"PM2.5;""2018-12-04T11:45:00+01:00"";1",547
"PM2.5;""2018-12-04T12:00:00+01:00"";1",549
"PM2.5;""2018-12-04T12:15:00+01:00"";1",556
"PM2.5;""2018-12-04T12:30:00+01:00"";1",583
"PM2.5;""2018-12-04T12:45:00+01:00"";1",582
"PM2.5;""2018-12-04T13:00:00+01:00"";1",584
"PM2.5;""2018-12-04T13:15:00+01:00"";1",586
"PM2.5;""2018-12-04T13:30:00+01:00"";1",591
"PM2.5;""2018-12-04T13:45:00+01:00"";1",604
"PM2.5;""2018-12-04T14:00:00+01:00"";1",612
"PM2.5;""2018-12-04T14:15:00+01:00"";1",618
"PM2.5;""2018-12-04T14:30:00+01:00"";1",613
"PM2.5;""2018-12-04T14:45:00+01:00"";1",613
"PM2.5;""2018-12-04T15:00:00+01:00"";1",613
"PM2.5;""2018-12-04T15:15:00+01:00"";1",638
"PM2.5;""2018-12-04T15:30:00+01:00"";1",673
"PM2.5;""2018-12-04T15:45:00+01:00"";1",676
"PM2.5;""2018-12-04T16:00:00+01:00"";1",68
"PM2.5;""2018-12-04T16:15:00+01:00"";1",692
"PM2.5;""2018-12-04T16:30:00+01:00"";1",693
"PM2.5;""2018-12-04T16:45:00+01:00"";1",696
"PM2.5;""2018-12-04T17:00:00+01:00"";1",745
"PM2.5;""2018-12-04T17:15:00+01:00"";1",753
"PM2.5;""2018-12-04T17:30:00+01:00"";1",744
"PM2.5;""2018-12-04T17:45:00+01:00"";1",737
"PM2.5;""2018-12-04T18:00:00+01:00"";1",719
"PM2.5;""2018-12-04T18:15:00+01:00"";1",71
"PM2.5;""2018-12-04T18:30:00+01:00"";1",7
"PM2.5;""2018-12-04T18:45:00+01:00"";1",694
"PM2.5;""2018-12-04T19:00:00+01:00"";1",688
"PM2.5;""2018-12-04T19:15:00+01:00"";1",699
"PM2.5;""2018-12-04T19:30:00+01:00"";1",708
"PM2.5;""2018-12-04T19:45:00+01:00"";1",741
"PM2.5;""2018-12-04T20:00:00+01:00"";1",775
"PM2.5;""2018-12-04T20:15:00+01:00"";1",798
"PM2.5;""2018-12-04T20:30:00+01:00"";1",812
"PM2.5;""2018-12-04T20:45:00+01:00"";1",827
"PM2.5;""2018-12-04T21:00:00+01:00"";1",848
"PM2.5;""2018-12-04T21:15:00+01:00"";1",879
"PM2.5;""2018-12-04T21:30:00+01:00"";1",932
"PM2.5;""2018-12-04T21:45:00+01:00"";2",53
"PM2.5;""2018-12-04T22:00:00+01:00"";2",91
"PM2.5;""2018-12-04T22:15:00+01:00"";2",157
"PM2.5;""2018-12-04T22:30:00+01:00"";2",243
"PM2.5;""2018-12-04T22:45:00+01:00"";2",363
"PM2.5;""2018-12-04T23:00:00+01:00"";2",477
"PM2.5;""2018-12-04T23:15:00+01:00"";2",614
"PM2.5;""2018-12-04T23:30:00+01:00"";2",756
"PM2.5;""2018-12-04T23:45:00+01:00"";2",884
"PM2.5;""2018-12-05T00:00:00+01:00"";3",8
"PM2.5;""2018-12-05T00:15:00+01:00"";3",151
"PM2.5;""2018-12-05T00:30:00+01:00"";3",293
"PM2.5;""2018-12-05T00:45:00+01:00"";3",429
"PM2.5;""2018-12-05T01:00:00+01:00"";3",571
"PM2.5;""2018-12-05T01:15:00+01:00"";3",731
"PM2.5;""2018-12-05T01:30:00+01:00"";3",905
"PM2.5;""2018-12-05T01:45:00+01:00"";4",83
"PM2.5;""2018-12-05T02:00:00+01:00"";4",271
"PM2.5;""2018-12-05T02:15:00+01:00"";4",46
"PM2.5;""2018-12-05T02:30:00+01:00"";4",669
"PM2.5;""2018-12-05T02:45:00+01:00"";4",859
"PM2.5;""2018-12-05T03:00:00+01:00"";5",39
"PM2.5;""2018-12-05T03:15:00+01:00"";5",213
"PM2.5;""2018-12-05T03:30:00+01:00"";5",395
"PM2.5;""2018-12-05T03:45:00+01:00"";5",576
"PM2.5;""2018-12-05T04:00:00+01:00"";5",769
"PM2.5;""2018-12-05T04:15:00+01:00"";5",986
"PM2.5;""2018-12-05T04:30:00+01:00"";6",231
"PM2.5;""2018-12-05T04:45:00+01:00"";6",469
"PM2.5;""2018-12-05T05:00:00+01:00"";6",711
"PM2.5;""2018-12-05T05:15:00+01:00"";6",953
"PM2.5;""2018-12-05T05:30:00+01:00"";7",191
"PM2.5;""2018-12-05T05:45:00+01:00"";7",442
"PM2.5;""2018-12-05T06:00:00+01:00"";7",698
"PM2.5;""2018-12-05T06:15:00+01:00"";7",934
"PM2.5;""2018-12-05T06:30:00+01:00"";8",175
"PM2.5;""2018-12-05T06:45:00+01:00"";8",423
"PM2.5;""2018-12-05T07:00:00+01:00"";8",682
"PM2.5;""2018-12-05T07:15:00+01:00"";8",93
"PM2.5;""2018-12-05T07:30:00+01:00"";9",18
"PM2.5;""2018-12-05T07:45:00+01:00"";9",404
"PM2.5;""2018-12-05T08:00:00+01:00"";9",615
"PM2.5;""2018-12-05T08:15:00+01:00"";9",836
"PM2.5;""2018-12-05T08:30:00+01:00"";10",76
"PM2.5;""2018-12-05T08:45:00+01:00"";10",298
"PM2.5;""2018-12-05T09:00:00+01:00"";10",542
"PM2.5;""2018-12-05T09:15:00+01:00"";10",795
"PM2.5;""2018-12-05T09:30:00+01:00"";11",52
"PM2.5;""2018-12-05T09:45:00+01:00"";11",299
"PM2.5;""2018-12-05T10:00:00+01:00"";11",568
"PM2.5;""2018-12-05T10:15:00+01:00"";11",831
"PM2.5;""2018-12-05T10:30:00+01:00"";12",99
"PM2.5;""2018-12-05T10:45:00+01:00"";12",389
"PM2.5;""2018-12-05T11:00:00+01:00"";12",71
"PM2.5;""2018-12-05T11:15:00+01:00"";12",972
"PM2.5;""2018-12-05T11:30:00+01:00"";13",232
"PM2.5;""2018-12-05T11:45:00+01:00"";13",508
"PM2.5;""2018-12-05T12:00:00+01:00"";13",797
"PM2.5;""2018-12-05T12:15:00+01:00"";14",62
"PM2.5;""2018-12-05T12:30:00+01:00"";14",307
"PM2.5;""2018-12-05T12:45:00+01:00"";14",575
"PM2.5;""2018-12-05T13:00:00+01:00"";14",874
"PM2.5;""2018-12-05T13:15:00+01:00"";15",166
"PM2.5;""2018-12-05T13:30:00+01:00"";15",462
"PM2.5;""2018-12-05T13:45:00+01:00"";15",746
"PM2.5;""2018-12-05T14:00:00+01:00"";16",31
"PM2.5;""2018-12-05T14:15:00+01:00"";16",304
"PM2.5;""2018-12-05T14:30:00+01:00"";16",561
"PM2.5;""2018-12-05T14:45:00+01:00"";16",807
"PM2.5;""2018-12-05T15:00:00+01:00"";17",41
"PM2.5;""2018-12-05T15:15:00+01:00"";17",217
"PM2.5;""2018-12-05T15:30:00+01:00"";17",377
"PM2.5;""2018-12-05T15:45:00+01:00"";17",563
"PM2.5;""2018-12-05T16:00:00+01:00"";17",748
"PM2.5;""2018-12-05T16:15:00+01:00"";17",918
"PM2.5;""2018-12-05T16:30:00+01:00"";18",85
"PM2.5;""2018-12-05T16:45:00+01:00"";18",26
"PM2.5;""2018-12-05T17:00:00+01:00"";18",367
"PM2.5;""2018-12-05T17:15:00+01:00"";18",521
"PM2.5;""2018-12-05T17:30:00+01:00"";18",683
"PM2.5;""2018-12-05T17:45:00+01:00"";18",851
"PM2.5;""2018-12-05T18:00:00+01:00"";19",35
"PM2.5;""2018-12-05T18:15:00+01:00"";19",229
"PM2.5;""2018-12-05T18:30:00+01:00"";19",415
"PM2.5;""2018-12-05T18:45:00+01:00"";19",604
"PM2.5;""2018-12-05T19:00:00+01:00"";19",792
"PM2.5;""2018-12-05T19:15:00+01:00"";19",966
"PM2.5;""2018-12-05T19:30:00+01:00"";20",15
"PM2.5;""2018-12-05T19:45:00+01:00"";20",324
"PM2.5;""2018-12-05T20:00:00+01:00"";20",525
"PM2.5;""2018-12-05T20:15:00+01:00"";20",732
"PM2.5;""2018-12-05T20:30:00+01:00"";20",94
"PM2.5;""2018-12-05T20:45:00+01:00"";21",142
"PM2.5;""2018-12-05T21:00:00+01:00"";21",37
"PM2.5;""2018-12-05T21:15:00+01:00"";21",584
"PM2.5;""2018-12-05T21:30:00+01:00"";21",801
"PM2.5;""2018-12-05T21:45:00+01:00"";21",988
"PM2.5;""2018-12-05T22:00:00+01:00"";22",207
"PM2.5;""2018-12-05T22:15:00+01:00"";22",381
"PM2.5;""2018-12-05T22:30:00+01:00"";22",536
"PM2.5;""2018-12-05T22:45:00+01:00"";22",655
"PM2.5;""2018-12-05T23:00:00+01:00"";22",79
"PM2.5;""2018-12-05T23:15:00+01:00"";22",869
"PM2.5;""2018-12-05T23:30:00+01:00"";22",951
"PM2.5;""2018-12-05T23:45:00+01:00"";23",62
"PM2.5;""2018-12-06T00:00:00+01:00"";23",189
"PM2.5;""2018-12-06T00:15:00+01:00"";23",299
"PM2.5;""2018-12-06T00:30:00+01:00"";23",396
"PM2.5;""2018-12-06T00:45:00+01:00"";23",493
"PM2.5;""2018-12-06T01:00:00+01:00"";23",582
"PM2.5;""2018-12-06T01:15:00+01:00"";23",641
"PM2.5;""2018-12-06T01:30:00+01:00"";23",682
"PM2.5;""2018-12-06T01:45:00+01:00"";23",725
"PM2.5;""2018-12-06T02:00:00+01:00"";23",767
"PM2.5;""2018-12-06T02:15:00+01:00"";23",779
"PM2.5;""2018-12-06T02:30:00+01:00"";23",764
"PM2.5;""2018-12-06T02:45:00+01:00"";23",763
"PM2.5;""2018-12-06T03:00:00+01:00"";23",769
"PM2.5;""2018-12-06T03:15:00+01:00"";23",78
"PM2.5;""2018-12-06T03:30:00+01:00"";23",78
"PM2.5;""2018-12-06T03:45:00+01:00"";23",763
"PM2.5;""2018-12-06T04:00:00+01:00"";23",698
"PM2.5;""2018-12-06T04:15:00+01:00"";23",617
"PM2.5;""2018-12-06T04:30:00+01:00"";23",513
"PM2.5;""2018-12-06T04:45:00+01:00"";23",411
"PM2.5;""2018-12-06T05:00:00+01:00"";23",306
"PM2.5;""2018-12-06T05:15:00+01:00"";23",203
"PM2.5;""2018-12-06T05:30:00+01:00"";23",99
"PM2.5;""2018-12-06T05:45:00+01:00"";22",976
"PM2.5;""2018-12-06T06:00:00+01:00"";22",911
"PM2.5;""2018-12-06T06:15:00+01:00"";22",776
"PM2.5;""2018-12-06T06:30:00+01:00"";22",651
"PM2.5;""2018-12-06T06:45:00+01:00"";22",535
"PM2.5;""2018-12-06T07:00:00+01:00"";22",397
"PM2.5;""2018-12-06T07:15:00+01:00"";22",268
"PM2.5;""2018-12-06T07:30:00+01:00"";22",132
"PM2.5;""2018-12-06T07:45:00+01:00"";22",9
"PM2.5;""2018-12-06T08:00:00+01:00"";21",886
"PM2.5;""2018-12-06T08:15:00+01:00"";21",763
"PM2.5;""2018-12-06T08:30:00+01:00"";21",622
"PM2.5;""2018-12-06T08:45:00+01:00"";21",507
"PM2.5;""2018-12-06T09:00:00+01:00"";21",378
"PM2.5;""2018-12-06T09:15:00+01:00"";21",248
"PM2.5;""2018-12-06T09:30:00+01:00"";21",107
"PM2.5;""2018-12-06T09:45:00+01:00"";20",962
"PM2.5;""2018-12-06T10:00:00+01:00"";20",795
"PM2.5;""2018-12-06T10:15:00+01:00"";20",649
"PM2.5;""2018-12-06T10:30:00+01:00"";20",613
"PM2.5;""2018-12-06T10:45:00+01:00"";20",472
"PM2.5;""2018-12-06T11:00:00+01:00"";20",275
"PM2.5;""2018-12-06T11:15:00+01:00"";20",126
"PM2.5;""2018-12-06T11:30:00+01:00"";19",975
"PM2.5;""2018-12-06T11:45:00+01:00"";19",788
"PM2.5;""2018-12-06T12:00:00+01:00"";19",613
"PM2.5;""2018-12-06T12:15:00+01:00"";19",465
"PM2.5;""2018-12-06T12:30:00+01:00"";19",27
"PM2.5;""2018-12-06T12:45:00+01:00"";19",6
"PM2.5;""2018-12-06T13:00:00+01:00"";18",855
"PM2.5;""2018-12-06T13:15:00+01:00"";18",624
"PM2.5;""2018-12-06T13:30:00+01:00"";18",349
"PM2.5;""2018-12-06T13:45:00+01:00"";18",71
"PM2.5;""2018-12-06T14:00:00+01:00"";17",791
"PM2.5;""2018-12-06T14:15:00+01:00"";17",525
"PM2.5;""2018-12-06T14:30:00+01:00"";17",281
"PM2.5;""2018-12-06T14:45:00+01:00"";17",69
